nombre;categoria;;nombre1;nombre2;numero1;numero2;numero3;numero4;numero5;numero6;numero7;numero8;numero9;numero10;numero11;numero12;numero13;numero14;numero15;numero16;numero17;numero18;numero19;numero20;numero21;numero22;numero23;numero24;numero25;numero26;numero27;numero28;numero29;numero30;numero31;numero32;numero33;numero34;numero35;numero36;numero37;numero38;numero39;numero40;numero41;numero42;numero43;numero44;numero45;numero46;videomobile1;video1;engine1;videomobile2;video2;engine2;videomobile3;video3;engine3;videomobile4;video4;engine4;videomobile5;video5;engine5;videomobile6;video6;engine6;videomobile7;video7;engine7;videomobile8;video8;engine8;videomobile9;video9;engine9;videomobile10;video10;engine10;videomobile11;video11;engine11;videomobile12;video12;engine12;videomobile13;video13;engine13;videomobile14;video14;engine14;videomobile15;video15;engine15;videomobile16;video16;engine16;videomobile17;video17;engine17;videomobile18;video18;engine18;videomobile19;video19;engine19;videomobile20;video20;engine20;videomobile21;video21;engine21;videomobile22;video22;engine22;videomobile23;video23;engine23;videomobile24;video24;engine24;videomobile25;video25;engine25;videomobile26;video26;engine26;videomobile27;video27;engine27;videomobile28;video28;engine28;videomobile29;video29;engine29;videomobile30;video30;engine30;videomobile31;video31;engine31;videomobile32;video32;engine32;videomobile33;video33;engine33;videomobile34;video34;engine34;videomobile35;video35;engine35;videomobile36;video36;engine36;videomobile37;video37;engine37;videomobile38;video38;engine38;videomobile39;video39;engine39;videomobile40;video40;engine40;videomobile41;video41;engine41;videomobile42;video42;engine42;videomobile43;video43;engine43;videomobile44;video44;engine44;videomobile45;video45;engine45;videomobile46;video46;engine46
Luffy;One Piece;Monkey D. Luffy;luffy;luffy;1;2;3;4;5;6;7;8;9;10;11;12;13;14;15;16;17;18;19;20;21;22;23;24;25;26;27;28;29;30;31;32;33;34;35;36;37;38;39;40;41;42;43;44;45;46;9hJHcXEf;cgryslP3;https://steamcommunity.com/sharedfiles/filedetails/?id=2799277933;Ihfi1JPx;VQNhFBIr;https://steamcommunity.com/sharedfiles/filedetails/?id=2821533582;tCE1jS5X;MNzLoWr4;https://steamcommunity.com/sharedfiles/filedetails/?id=2845301705;gBcCB8pe;74tSWFvK;https://steamcommunity.com/sharedfiles/filedetails/?id=2785763424;7VQMYD7H;AlogSexz;https://steamcommunity.com/sharedfiles/filedetails/?id=2833505850;yb4ANXXv;zptpYxGe;https://steamcommunity.com/sharedfiles/filedetails/?id=2832388306;EFHw1Htl;FGJeoZUB;https://steamcommunity.com/sharedfiles/filedetails/?id=1791873917;EjLmWQSO;BvymCT6b;https://steamcommunity.com/sharedfiles/filedetails/?id=2706075693;9qAbb944;0UM8VRb8;https://steamcommunity.com/sharedfiles/filedetails/?id=2424091171;A1InHxiq;vUe9lo61;https://steamcommunity.com/sharedfiles/filedetails/?id=2879790973;K3KIWf52;GgRA5eiu;https://steamcommunity.com/sharedfiles/filedetails/?id=2795540536;U7McMXzO;ekkrVyuP;https://steamcommunity.com/sharedfiles/filedetails/?id=2800051803;glGrJB4B;AdFsjGd4;https://steamcommunity.com/sharedfiles/filedetails/?id=2886785717;TpXDv79P;yAsdU2ac;https://steamcommunity.com/sharedfiles/filedetails/?id=2870199827;VGORc7PS;RTrEaK7i;https://steamcommunity.com/sharedfiles/filedetails/?id=2827929143;EcdlKFLo;uVCC60YF;https://steamcommunity.com/sharedfiles/filedetails/?id=2827190524;3h0BU7lI;xMvSQSD2;https://steamcommunity.com/sharedfiles/filedetails/?id=2562314878;dWJlCZ5D;T2ZdrYC8;https://steamcommunity.com/sharedfiles/filedetails/?id=2865215211;r7gNYBtg;tr34T06w;https://steamcommunity.com/sharedfiles/filedetails/?id=2853719148;rPOrE15g;S4yxQgWT;https://steamcommunity.com/sharedfiles/filedetails/?id=2819659575;p3R3ts9n;Qkuaggsh;https://steamcommunity.com/sharedfiles/filedetails/?id=2345989695;BBlwQL6K;UILcYkGD;https://steamcommunity.com/sharedfiles/filedetails/?id=2867426502;mEF2438j;ognm9rbU;https://steamcommunity.com/sharedfiles/filedetails/?id=2784869454;cb8w5kRW;MxxpHTq3;https://steamcommunity.com/sharedfiles/filedetails/?id=2778353069;r314QvL8;ktfPVXJP;https://steamcommunity.com/sharedfiles/filedetails/?id=2927360477;5pIwtlUm;8M2ArZLe;https://steamcommunity.com/sharedfiles/filedetails/?id=2802222492;oRM1FnpS;l6sg93NV;https://steamcommunity.com/sharedfiles/filedetails/?id=2791405268;R8NZqkvy;L1ROXV07;https://steamcommunity.com/sharedfiles/filedetails/?id=2803824623;iq4wjYeH;5GzXuSJH;https://steamcommunity.com/sharedfiles/filedetails/?id=2792507219;q50yISsD;5AVQ3Jdh;https://steamcommunity.com/sharedfiles/filedetails/?id=2784252669;vu7vN9Yo;kr6kWqmg;https://steamcommunity.com/sharedfiles/filedetails/?id=2805630332;X2NNnqzP;JtTEYTiI;https://steamcommunity.com/sharedfiles/filedetails/?id=2811621246;9OloAWcE;HbMwYhP2;https://steamcommunity.com/sharedfiles/filedetails/?id=2872308432;wFfvZDoq;nfjY3sA9;https://steamcommunity.com/sharedfiles/filedetails/?id=2788234472;YFfXxYLF;KHC7gboh;https://steamcommunity.com/sharedfiles/filedetails/?id=2798735819;rQp20JmH;dn7Kvh8H;https://steamcommunity.com/sharedfiles/filedetails/?id=2783681346;KX50ySwY;7aJLaNq4;https://steamcommunity.com/sharedfiles/filedetails/?id=2785388823;jwbn4PNK;MmFAcLo3;https://steamcommunity.com/sharedfiles/filedetails/?id=2855708396;tnOoM7p9;yciVZXoH;https://steamcommunity.com/sharedfiles/filedetails/?id=2796115288;n8PTsTYc;t7lUFg4r;https://steamcommunity.com/sharedfiles/filedetails/?id=2830187153;tOYrIVeC;AkoLT5Oi;https://steamcommunity.com/sharedfiles/filedetails/?id=2789391128;gle4aUIU;PoDNVsUz;https://steamcommunity.com/sharedfiles/filedetails/?id=2785822772;tcw7zXF5;cOhSCF5F;https://steamcommunity.com/sharedfiles/filedetails/?id=2584158793;CcHZ9DDK;HagEsxjZ;https://steamcommunity.com/sharedfiles/filedetails/?id=2876136202;Go3FNZre;LjIdeMVP;https://steamcommunity.com/sharedfiles/filedetails/?id=2766779664;7GIQ1WsW;DZVF1PqJ;https://steamcommunity.com/sharedfiles/filedetails/?id=2806971102
Roronoa Zoro;One Piece;Roronoa Zoro;zoro;zoro;1;2;3;4;5;6;7;8;9;10;11;12;13;14;15;16;17;18;19;20;21;22;23;24;25;;27;28;29;30;31;32;33;34;35;36;37;38;39;;;;;;;;SYlEWI1o;fiuOcGVr;https://steamcommunity.com/sharedfiles/filedetails/?id=2818667295;esitKhqA;mJiymeDX;https://steamcommunity.com/sharedfiles/filedetails/?id=2239744324;l7EIc9n4;EU6ZomvP;https://steamcommunity.com/sharedfiles/filedetails/?id=2853770632;KO7o7Mrw;0c8CKzCJ;https://steamcommunity.com/sharedfiles/filedetails/?id=2853797444;XXR8kyKi;MHFN6A8E;https://steamcommunity.com/sharedfiles/filedetails/?id=2834601658;1Ls6YpAC;rMgVOb6x;https://steamcommunity.com/sharedfiles/filedetails/?id=2796775049;ISFgEJcV;uOhrNiYK;https://steamcommunity.com/sharedfiles/filedetails/?id=2853801894;cIdu5bJg;nSAfLqv9;https://steamcommunity.com/sharedfiles/filedetails/?id=2853808721;6wRMsJHO;7Kb13P6z;https://steamcommunity.com/sharedfiles/filedetails/?id=2832401505;oZaav8Gr;zzzOsiiX;https://steamcommunity.com/sharedfiles/filedetails/?id=2728793500;31jfojP8;qSpLiSy9;https://steamcommunity.com/sharedfiles/filedetails/?id=2878314840;SFZTaSMX;DF3hPk3G;https://steamcommunity.com/sharedfiles/filedetails/?id=2853815248;Cr7b4BtX;YS6Ikp9J;https://steamcommunity.com/sharedfiles/filedetails/?id=2841308962;Z91Gzo2P;TwtcJQJj;https://steamcommunity.com/sharedfiles/filedetails/?id=2823835597;42HCbNxV;bYQcBkTZ;https://steamcommunity.com/sharedfiles/filedetails/?id=2634699008;Nl1eIx2j;RnZohmmd;https://steamcommunity.com/sharedfiles/filedetails/?id=2834603755;X2gKwlEf;ezHKU92x;https://steamcommunity.com/sharedfiles/filedetails/?id=2809961627;ybv5QHS0;qfhFBwMe;https://steamcommunity.com/sharedfiles/filedetails/?id=2826805053;8jo4xbxD;hBiiEbaf;https://steamcommunity.com/sharedfiles/filedetails/?id=2832596091;MM5bBuqF;mpDlqcXj;https://steamcommunity.com/sharedfiles/filedetails/?id=2707345634;OFTah3Na;Sf8roToZ;https://steamcommunity.com/sharedfiles/filedetails/?id=2233754663;j4izczL1;2a1EWwGh;https://steamcommunity.com/sharedfiles/filedetails/?id=2345984341;p8dcrsIj;LwrvgNnY;https://steamcommunity.com/sharedfiles/filedetails/?id=2707266270;IbyWS7XG;eJYCg8JD;https://steamcommunity.com/sharedfiles/filedetails/?id=2502844822;hd56N0vq;P2it5EEg;https://steamcommunity.com/sharedfiles/filedetails/?id=2623519437;;;;23owTRzm;ks6V6xlI;https://steamcommunity.com/sharedfiles/filedetails/?id=2848008012;peleCBST;pXQuqIGk;https://steamcommunity.com/sharedfiles/filedetails/?id=2468073224;4YeYr270;pHWhsqVm;https://steamcommunity.com/sharedfiles/filedetails/?id=2344344655;8MBDmzaY;KUlPyumy;https://steamcommunity.com/sharedfiles/filedetails/?id=1690033483;iqvQYflG;hO8p3LfA;https://steamcommunity.com/sharedfiles/filedetails/?id=2936318444;xvp8lX4Q;cguFpaO0;https://steamcommunity.com/sharedfiles/filedetails/?id=2916388482;hsww9JMg;DmhIT0bX;https://steamcommunity.com/sharedfiles/filedetails/?id=2793836077;N4h2r47Y;YDDOtJqU;https://steamcommunity.com/sharedfiles/filedetails/?id=2070506060;ZIDp5pki;6jqV1JGk;https://steamcommunity.com/sharedfiles/filedetails/?id=1972931997;aiYmK3vn;A9D2bXTB;https://steamcommunity.com/sharedfiles/filedetails/?id=2841943793;ulXufcFM;keDAL4kE;https://steamcommunity.com/sharedfiles/filedetails/?id=2853773525;o8YQCOgA;w5xCYZbt;https://steamcommunity.com/sharedfiles/filedetails/?id=2582537042;gaTpXjgZ;TXQ6d0IA;https://steamcommunity.com/sharedfiles/filedetails/?id=2729085985;;;;;;;;;;;;;;;;;;;;;
Luffy Zoro Sanji;One Piece;Luffy Zoro Sanji;luffy-zoro-sanji;luffy-zoro-sanji;1;;;;;;;;;;;;;;;;;;;;;;;;;;;;;;;;;;;;;;;;;;;;;;Zh5dOXcB;7qmKIPmk;https://steamcommunity.com/sharedfiles/filedetails/?id=2841943793;;;;;;;;;;;;;;;;;;;;;;;;;;;;;;;;;;;;;;;;;;;;;;;;;;;;;;;;;;;;;;;;;;;;;;;;;;;;;;;;;;;;;;;;;;;;;;;;;;;;;;;;;;;;;;;;;;;;;;;;;;;;;;;;;;;;;;;
Nami;One Piece;Nami;nami;nami;1;2;3;4;5;6;7;8;9;10;11;12;13;14;15;16;17;18;19;20;21;22;23;24;25;;;;;;;;;;;;;;;;;;;;;;2O9EOax9;3Bu86jVP;https://steamcommunity.com/sharedfiles/filedetails/?id=2862380015;xGKzXaz0;cwH0jRWb;https://steamcommunity.com/sharedfiles/filedetails/?id=2743744750;gQjGJ6td;ZfmFpQjA;https://steamcommunity.com/sharedfiles/filedetails/?id=2888238739;mH0KKWFR;EhfKacvO;https://steamcommunity.com/sharedfiles/filedetails/?id=2762025903;608QzJ3N;v09wt3gn;https://steamcommunity.com/sharedfiles/filedetails/?id=2895714938;wsQZ4DTP;y89O7DXQ;https://steamcommunity.com/sharedfiles/filedetails/?id=2173538779;Bfx5Dwuy;9CxbDdId;https://steamcommunity.com/sharedfiles/filedetails/?id=2822379741;zbRq3qqv;y6FYc4Z9;https://steamcommunity.com/sharedfiles/filedetails/?id=2896541867;DnXKes1e;Ohv6UuUY;https://steamcommunity.com/sharedfiles/filedetails/?id=2920606262;8NBjMYqC;xsywvHaJ;https://steamcommunity.com/sharedfiles/filedetails/?id=2164223552;LlR8CY4B;LyOsWn2M;https://steamcommunity.com/sharedfiles/filedetails/?id=2920840735;gHEBdRhk;tBcBVrjW;https://steamcommunity.com/sharedfiles/filedetails/?id=2879545055;ZWDiXu43;CtL4yhER;https://steamcommunity.com/sharedfiles/filedetails/?id=2893590036;d2KraBpM;pqQykatK;https://steamcommunity.com/sharedfiles/filedetails/?id=2790194491;HcQChqjt;OW95M4F9;https://steamcommunity.com/sharedfiles/filedetails/?id=2835665541;tbuOaaei;IZpgNyKr;https://steamcommunity.com/sharedfiles/filedetails/?id=2877269114;jkaliqAH;KYxx8aNx;https://steamcommunity.com/sharedfiles/filedetails/?id=2484655428;hUekpx5r;Dq7OnVrV;https://steamcommunity.com/sharedfiles/filedetails/?id=2502744126;x7ZzpNuJ;i3A9EC8S;https://steamcommunity.com/sharedfiles/filedetails/?id=2871040070;pbgQEYD7;2jnSX0Lr;https://steamcommunity.com/sharedfiles/filedetails/?id=2716497112;OdFIn65x;cTF1QrvW;https://steamcommunity.com/sharedfiles/filedetails/?id=2684253836;aNoTOYPG;41kGBzvA;https://steamcommunity.com/sharedfiles/filedetails/?id=2870164618;sEOpIfyd;ZFFOCQ8j;https://steamcommunity.com/sharedfiles/filedetails/?id=2852631420;GJYdh6AZ;SgutcMDZ;https://steamcommunity.com/sharedfiles/filedetails/?id=2857356358;oueOoJsu;9HDAttyv;;;;;;;;;;;;;;;;;;;;;;;;;;;;;;;;;;;;;;;;;;;;;;;;;;;;;;;;;;;;;;;;
Nami;League Of Legends;Nami;nami-lol;nami-lol;1;2;;;;;;;;;;;;;;;;;;;;;;;;;;;;;;;;;;;;;;;;;;;;;yOBD1ISI;CBnAUjWZ;https://steamcommunity.com/sharedfiles/filedetails/?id=2890889129;fOucJDZK;KT9JHSNB;https://steamcommunity.com/sharedfiles/filedetails/?id=2596907503;;;;;;;;;;;;;;;;;;;;;;;;;;;;;;;;;;;;;;;;;;;;;;;;;;;;;;;;;;;;;;;;;;;;;;;;;;;;;;;;;;;;;;;;;;;;;;;;;;;;;;;;;;;;;;;;;;;;;;;;;;;;;;;;;;;;
Usopp;One Piece;Usopp;usopp;usopp;1;2;3;4;5;6;7;8;;;;;;;;;;;;;;;;;;;;;;;;;;;;;;;;;;;;;;;uHfSupmQ;hGIRDmQv;https://steamcommunity.com/sharedfiles/filedetails/?id=2628666374;erGXN8zO;ECkBXSbN;https://steamcommunity.com/sharedfiles/filedetails/?id=2787818872;bQfcj5B0;9dD3vzJg;https://steamcommunity.com/sharedfiles/filedetails/?id=2801771012;p9j5Hp2m;jmBScM7z;https://steamcommunity.com/sharedfiles/filedetails/?id=2790901651;tNKnfdFN;brdPZQSt;https://steamcommunity.com/sharedfiles/filedetails/?id=2826866216;mPSebx29;ALZmeOsS;https://steamcommunity.com/sharedfiles/filedetails/?id=2430727899;hWh6skdg;mRV3uUqp;https://steamcommunity.com/sharedfiles/filedetails/?id=2343071041;SCpsCPIL;TuqpfCas;https://steamcommunity.com/sharedfiles/filedetails/?id=2471613749;;;;;;;;;;;;;;;;;;;;;;;;;;;;;;;;;;;;;;;;;;;;;;;;;;;;;;;;;;;;;;;;;;;;;;;;;;;;;;;;;;;;;;;;;;;;;;;;;;;;;;;;;;;;;;;;;;
Straw Hat Pirates;One Piece;Straw Hat Pirates;straw-hat-pirates;straw-hat-pirates;1;;;;;;;;;;;;;;;;;;;;;;;;;;;;;;;;;;;;;;;;;;;;;;E3Bw85gR;6RYhFNCd;https://steamcommunity.com/sharedfiles/filedetails/?id=1417456613;;;;;;;;;;;;;;;;;;;;;;;;;;;;;;;;;;;;;;;;;;;;;;;;;;;;;;;;;;;;;;;;;;;;;;;;;;;;;;;;;;;;;;;;;;;;;;;;;;;;;;;;;;;;;;;;;;;;;;;;;;;;;;;;;;;;;;;
Sanji;One Piece;Sanji;sanji;sanji;1;2;3;4;5;6;7;8;9;10;11;12;13;14;15;16;17;18;19;20;21;22;23;24;25;26;27;28;29;30;;;;;;;;;;;;;;;;;2UCLoO3R;t2aEROZd;https://steamcommunity.com/sharedfiles/filedetails/?id=2788671239;CO2Mi3So;hwBHJmaA;https://steamcommunity.com/sharedfiles/filedetails/?id=2827772441;Rp64A7bP;NhiwQgEh;https://steamcommunity.com/sharedfiles/filedetails/?id=2853364177;WpFznzQD;ufMEzmOP;https://steamcommunity.com/sharedfiles/filedetails/?id=2783372475;kPe4BhPt;oa2Q8a85;https://steamcommunity.com/sharedfiles/filedetails/?id=2801765454;EHsvySKN;0IX3qIyQ;https://steamcommunity.com/sharedfiles/filedetails/?id=2822248613;2CeZL6Pi;9r6xsvGa;https://steamcommunity.com/sharedfiles/filedetails/?id=2788425370;6enMFkEI;Duq9WFOe;https://steamcommunity.com/sharedfiles/filedetails/?id=2840845905;JZupSk2W;il3TzvCV;https://steamcommunity.com/sharedfiles/filedetails/?id=2806724341;ZOExxbvg;S8juQKKQ;https://steamcommunity.com/sharedfiles/filedetails/?id=2636384315;brxuKx2n;0M83Dq9N;https://steamcommunity.com/sharedfiles/filedetails/?id=2859299585;FXMBaAkU;ycnk1i5q;https://steamcommunity.com/sharedfiles/filedetails/?id=2839342364;M0g0RKzp;LczPKjNm;https://steamcommunity.com/sharedfiles/filedetails/?id=2656893067;mo7NrEoX;WQ9O5ZIb;https://steamcommunity.com/sharedfiles/filedetails/?id=2865013420;ixrkStDb;tQ74Naub;https://steamcommunity.com/sharedfiles/filedetails/?id=2946122792;50txebcu;e7bdASJG;https://steamcommunity.com/sharedfiles/filedetails/?id=2677118449;SzV5cgRU;Jd9884Cy;https://steamcommunity.com/sharedfiles/filedetails/?id=2228882628;FWGg41gS;QZGK5jYR;https://steamcommunity.com/sharedfiles/filedetails/?id=2923118568;KuopuIrK;78hzP2QF;https://steamcommunity.com/sharedfiles/filedetails/?id=2669605040;ock8QJ2I;pGFrRKtv;https://steamcommunity.com/sharedfiles/filedetails/?id=2348643247;LPV26GGQ;usbOBfSa;https://steamcommunity.com/sharedfiles/filedetails/?id=2253386398;RuNMl7ey;vLZHhKo6;https://steamcommunity.com/sharedfiles/filedetails/?id=2821289917;pyawBZdQ;z0a12XBk;https://steamcommunity.com/sharedfiles/filedetails/?id=2915885329;mzB12Ues;dXPtjxHT;https://steamcommunity.com/sharedfiles/filedetails/?id=2828288514;ukOICAXM;FnnxKAJw;https://steamcommunity.com/sharedfiles/filedetails/?id=2578513610;iVFSYFVw;FELeVPSe;https://steamcommunity.com/sharedfiles/filedetails/?id=2935175208;pN9ky12e;TinvhqIf;https://steamcommunity.com/sharedfiles/filedetails/?id=1565863687;RJLO3WBe;VYTx97q2;https://steamcommunity.com/sharedfiles/filedetails/?id=1836859517;UK095OFe;a2QRevYv;https://steamcommunity.com/sharedfiles/filedetails/?id=2110022638;pTeEwfsK;DY0qspnK;https://steamcommunity.com/sharedfiles/filedetails/?id=2953463706;;;;;;;;;;;;;;;;;;;;;;;;;;;;;;;;;;;;;;;;;;;;;;;;
Chopper;One Piece;Chopper;chopper;chopper;1;2;3;4;5;6;7;8;9;10;11;12;13;14;15;16;17;;;;;;;;;;;;;;;;;;;;;;;;;;;;;;stzYiEz9;FBnIFmCz;https://steamcommunity.com/sharedfiles/filedetails/?id=2879063119;iPh1k8Bx;wKkUfg7I;https://steamcommunity.com/sharedfiles/filedetails/?id=2797900515;x0v79LGT;IDtblcI5;https://steamcommunity.com/sharedfiles/filedetails/?id=2830420973;IYdvnDBj;4ciqQABM;https://steamcommunity.com/sharedfiles/filedetails/?id=2843670113;gg35xWDw;3PPrAc2a;https://steamcommunity.com/sharedfiles/filedetails/?id=2731036585;ckTE0I7X;rmTGeZO7;https://steamcommunity.com/sharedfiles/filedetails/?id=2350017076;vU50D84F;rem288ib;https://steamcommunity.com/sharedfiles/filedetails/?id=2831605046;lXZotKAw;RgzDviTQ;https://steamcommunity.com/sharedfiles/filedetails/?id=2786718148;cCuwBOH8;ToGABZqj;https://steamcommunity.com/sharedfiles/filedetails/?id=2637088713;UwAiS5uW;ZmDwB73r;https://steamcommunity.com/sharedfiles/filedetails/?id=2826995101;XVdiiezI;7uOB7jk4;https://steamcommunity.com/sharedfiles/filedetails/?id=2186632561;oVXn63Kz;HTQcTFaX;https://steamcommunity.com/sharedfiles/filedetails/?id=2218062409;8URpNfZM;VPfV9D41;https://steamcommunity.com/sharedfiles/filedetails/?id=2866269143;0CZpIRpt;oNSHW7UQ;https://steamcommunity.com/sharedfiles/filedetails/?id=2367021734;uGlqZTlg;4Tire6CY;https://steamcommunity.com/sharedfiles/filedetails/?id=2107613580;o4FlUT8j;Q6s5K2FJ;https://steamcommunity.com/sharedfiles/filedetails/?id=2419228393;rOWUZBZu;jaFeh9zy;;;;;;;;;;;;;;;;;;;;;;;;;;;;;;;;;;;;;;;;;;;;;;;;;;;;;;;;;;;;;;;;;;;;;;;;;;;;;;;;;;;;;;;;
Nico Robin;One Piece;Nico Robin;nico-robin;nico-robin;1;2;3;4;5;6;7;8;9;10;11;12;13;14;15;16;;;;;;;;;;;;;;;;;;;;;;;;;;;;;;;4qN5PLYW;avLRCusW;https://steamcommunity.com/sharedfiles/filedetails/?id=2868590403;yrRCkdga;9czgiZTq;https://steamcommunity.com/sharedfiles/filedetails/?id=2820521667;0iG19eSw;k0ABlb1X;https://steamcommunity.com/sharedfiles/filedetails/?id=2774613059;N5h0fCs9;OxdRdWh8;https://steamcommunity.com/sharedfiles/filedetails/?id=2573168333;ydiD2HmG;J0GbnIjC;https://steamcommunity.com/sharedfiles/filedetails/?id=2574072939;hhYaeX8Q;CaS6cUK3;https://steamcommunity.com/sharedfiles/filedetails/?id=2919568221;nySELkZK;0qKtkmW7;https://steamcommunity.com/sharedfiles/filedetails/?id=2825933826;EkFWukHf;RRCQhYfQ;https://steamcommunity.com/sharedfiles/filedetails/?id=2909952076;RtLyavyq;moF0XZeL;https://steamcommunity.com/sharedfiles/filedetails/?id=2864348756;HhosGawY;eAwqkfbk;https://steamcommunity.com/sharedfiles/filedetails/?id=2713945355;fjXSuJLK;J93LMsDz;https://steamcommunity.com/sharedfiles/filedetails/?id=2811806113;YjL9TZiM;VmFtkVMO;https://steamcommunity.com/sharedfiles/filedetails/?id=2713945355;0MMOFtoR;YaD7lKBm;https://steamcommunity.com/sharedfiles/filedetails/?id=2584561258;UZWTQpx8;L1af27m8;https://steamcommunity.com/sharedfiles/filedetails/?id=2538258257;8Q7YE7XP;AE9ZvTBg;https://steamcommunity.com/sharedfiles/filedetails/?id=2755698301;ioOnLmRx;9bojiqtM;https://steamcommunity.com/sharedfiles/filedetails/?id=2879530471;;;;;;;;;;;;;;;;;;;;;;;;;;;;;;;;;;;;;;;;;;;;;;;;;;;;;;;;;;;;;;;;;;;;;;;;;;;;;;;;;;;;;;;;;;
Franky;One Piece;Franky;franky;franky;1;2;3;4;5;6;;;;;;;;;;;;;;;;;;;;;;;;;;;;;;;;;;;;;;;;;tp1N98G2;E7Vjinyh;https://steamcommunity.com/sharedfiles/filedetails/?id=2719289441;rTuTktUz;oCuwCkKx;https://steamcommunity.com/sharedfiles/filedetails/?id=2840019775;X2XP6NI4;TAjkk3M5;https://steamcommunity.com/sharedfiles/filedetails/?id=2479970848;2Nw6rBa5;BPIXmeoK;https://steamcommunity.com/sharedfiles/filedetails/?id=2152742423;wJJ4oBW4;86C8MJmW;https://steamcommunity.com/sharedfiles/filedetails/?id=1803995176;hLj3wS14;9tyvwFTd;https://steamcommunity.com/sharedfiles/filedetails/?id=2729310261;;;;;;;;;;;;;;;;;;;;;;;;;;;;;;;;;;;;;;;;;;;;;;;;;;;;;;;;;;;;;;;;;;;;;;;;;;;;;;;;;;;;;;;;;;;;;;;;;;;;;;;;;;;;;;;;;;;;;;;;
Brook;One Piece;Brook;brook;brook;1;2;3;4;5;6;;;;;;;;;;;;;;;;;;;;;;;;;;;;;;;;;;;;;;;;;RMejXeQT;VsneXfNx;https://steamcommunity.com/sharedfiles/filedetails/?id=2865084672;h5RqdCwg;7NnqVLoM;https://steamcommunity.com/sharedfiles/filedetails/?id=2806727411;Rgx8o0rc;kIocvrvc;https://steamcommunity.com/sharedfiles/filedetails/?id=2534514147;PKoUNI0d;zgt6vngo;https://steamcommunity.com/sharedfiles/filedetails/?id=2897043397;rqhTjNW9;VN0Yfp7y;https://steamcommunity.com/sharedfiles/filedetails/?id=2903848811;cqNWIxQj;FZhY7J1s;https://steamcommunity.com/sharedfiles/filedetails/?id=2601124991;;;;;;;;;;;;;;;;;;;;;;;;;;;;;;;;;;;;;;;;;;;;;;;;;;;;;;;;;;;;;;;;;;;;;;;;;;;;;;;;;;;;;;;;;;;;;;;;;;;;;;;;;;;;;;;;;;;;;;;;
Jinbei;One Piece;Jinbei;jinbei;jinbei;1;2;3;;;;;;;;;;;;;;;;;;;;;;;;;;;;;;;;;;;;;;;;;;;;VCJIXb4p;MBEo2eYV;https://steamcommunity.com/sharedfiles/filedetails/?id=2388031579;w8jPRgBa;wK1RAI5F;https://steamcommunity.com/sharedfiles/filedetails/?id=1662242425;rDBjZeq3;tbBbGDTA;https://steamcommunity.com/sharedfiles/filedetails/?id=2943404487;;;;;;;;;;;;;;;;;;;;;;;;;;;;;;;;;;;;;;;;;;;;;;;;;;;;;;;;;;;;;;;;;;;;;;;;;;;;;;;;;;;;;;;;;;;;;;;;;;;;;;;;;;;;;;;;;;;;;;;;;;;;;;;;;
Portgas D Ace;One Piece;Portgas D Ace;portgas;portgas;1;2;3;4;5;6;7;8;9;10;11;12;;;;;;;;;;;;;;;;;;;;;;;;;;;;;;;;;;;Av5FgUQy;7Of1hxE0;https://steamcommunity.com/sharedfiles/filedetails/?id=2871500687;gGspe2nN;BxSOasmH;https://steamcommunity.com/sharedfiles/filedetails/?id=2804828666;6q9vtmAQ;E2jhg9pc;https://steamcommunity.com/sharedfiles/filedetails/?id=2853831074;fSRKUWyb;uVdHYRz6;https://steamcommunity.com/sharedfiles/filedetails/?id=2782983844;3RQLxluz;DfvGduNY;https://steamcommunity.com/sharedfiles/filedetails/?id=2149884465;LWs9V6Vm;8KpA9CQ1;https://steamcommunity.com/sharedfiles/filedetails/?id=2086967474;S2WUgZ7o;w9HtY7hF;https://steamcommunity.com/sharedfiles/filedetails/?id=2869853651;Fp3Rcpyg;UtSgruyj;https://steamcommunity.com/sharedfiles/filedetails/?id=2510006900;doWhjw0p;EFtN6iha;https://steamcommunity.com/sharedfiles/filedetails/?id=2879032976;igfA5d0y;YZsvBQUx;https://steamcommunity.com/sharedfiles/filedetails/?id=2450803826;q8F6cbmf;kz9CSQHD;https://steamcommunity.com/sharedfiles/filedetails/?id=2002977630;QLPxSu7V;whmNtXaj;https://steamcommunity.com/sharedfiles/filedetails/?id=1726032842;;;;;;;;;;;;;;;;;;;;;;;;;;;;;;;;;;;;;;;;;;;;;;;;;;;;;;;;;;;;;;;;;;;;;;;;;;;;;;;;;;;;;;;;;;;;;;;;;;;;;;
Trafalgar D Law;One Piece;Trafalgar D Law;trafalgar;trafalgar;1;2;3;4;5;6;7;8;9;10;11;12;13;14;;;;;;;;;;;;;;;;;;;;;;;;;;;;;;;;;bTrvKtNs;5B3JEhLE;https://steamcommunity.com/sharedfiles/filedetails/?id=2821138125;U129Dozk;XwVuQ5aP;https://steamcommunity.com/sharedfiles/filedetails/?id=2757374925;lkrZe04Z;yIEWjR9E;https://steamcommunity.com/sharedfiles/filedetails/?id=2827958584;87zSI1Td;VOHD1D0J;https://steamcommunity.com/sharedfiles/filedetails/?id=2824520384;qA8zGAmf;GFWhfhHV;https://steamcommunity.com/sharedfiles/filedetails/?id=1535026899;ilckgAaz;5JC4tUWG;https://steamcommunity.com/sharedfiles/filedetails/?id=1908803990;YWddoOEF;s8FMOkEO;https://steamcommunity.com/sharedfiles/filedetails/?id=2487053987;cHNAESJU;hO7FAQTt;https://steamcommunity.com/sharedfiles/filedetails/?id=2871504812;Q0vFaHZw;GuERRJAO;https://steamcommunity.com/sharedfiles/filedetails/?id=2154344155;dbrbsY0S;BbllWuRl;https://steamcommunity.com/sharedfiles/filedetails/?id=2326458134;c5nazYJx;cmAJ3PN8;https://steamcommunity.com/sharedfiles/filedetails/?id=1115363344;RxMYTw5I;VRVP5fZo;https://steamcommunity.com/sharedfiles/filedetails/?id=2789946084;Rkw6Jg2K;j0G2EPhI;https://steamcommunity.com/sharedfiles/filedetails/?id=1834017087;ybvrz8Dm;6B3hZS69;https://steamcommunity.com/sharedfiles/filedetails/?id=2835785018;;;;;;;;;;;;;;;;;;;;;;;;;;;;;;;;;;;;;;;;;;;;;;;;;;;;;;;;;;;;;;;;;;;;;;;;;;;;;;;;;;;;;;;;;;;;;;;;
Gol D Roger;One Piece;Gol D Roger;gol;gol;1;2;3;4;5;6;;;;;;;;;;;;;;;;;;;;;;;;;;;;;;;;;;;;;;;;;LiFb44ra;6K9XB4vN;https://steamcommunity.com/sharedfiles/filedetails/?id=2841562396;fq0Pb32M;uykgfWSq;https://steamcommunity.com/sharedfiles/filedetails/?id=2613400533;8gSA0xUc;HoDbJ5YE;https://steamcommunity.com/sharedfiles/filedetails/?id=2790103658;6M8PyP3u;KddsuYgV;https://steamcommunity.com/sharedfiles/filedetails/?id=2476529555;cnTOpiGl;bHPZl7GU;https://steamcommunity.com/sharedfiles/filedetails/?id=2650579582;2e6yaF8B;vEgmJkBb;https://steamcommunity.com/sharedfiles/filedetails/?id=2818088447;;;;;;;;;;;;;;;;;;;;;;;;;;;;;;;;;;;;;;;;;;;;;;;;;;;;;;;;;;;;;;;;;;;;;;;;;;;;;;;;;;;;;;;;;;;;;;;;;;;;;;;;;;;;;;;;;;;;;;;;
Edward Newgate;One Piece;Edward Newgate;edward;edward;1;2;3;4;;;;;;;;;;;;;;;;;;;;;;;;;;;;;;;;;;;;;;;;;;;tihHYrFc;rwljBFrM;https://steamcommunity.com/sharedfiles/filedetails/?id=2810953302;8c7SZcJL;V0qfkPEB;https://steamcommunity.com/sharedfiles/filedetails/?id=2881678790;NpWCVWZK;uUMUx0t7;https://steamcommunity.com/sharedfiles/filedetails/?id=2792687066;YWXnXpUM;gJVstXMS;https://steamcommunity.com/sharedfiles/filedetails/?id=2448494461;;;;;;;;;;;;;;;;;;;;;;;;;;;;;;;;;;;;;;;;;;;;;;;;;;;;;;;;;;;;;;;;;;;;;;;;;;;;;;;;;;;;;;;;;;;;;;;;;;;;;;;;;;;;;;;;;;;;;;;;;;;;;;
Shanks;One Piece;Shanks;shanks;shanks;1;2;3;4;5;6;7;8;9;10;11;12;;;;;;;;;;;;;;;;;;;;;;;;;;;;;;;;;;;OJ30iEAX;90JPsi1W;https://steamcommunity.com/sharedfiles/filedetails/?id=2951212167;K4kkd8TT;xsJSQSjm;https://steamcommunity.com/sharedfiles/filedetails/?id=2638087428;JMHz78oB;25LHc81g;https://steamcommunity.com/sharedfiles/filedetails/?id=2904473086;PTO2JCP6;vwp9j403;https://steamcommunity.com/sharedfiles/filedetails/?id=2841119992;Hg22pWqH;lUzDwaRk;https://steamcommunity.com/sharedfiles/filedetails/?id=2165720528;bTEofo4P;PR1RuLol;https://steamcommunity.com/sharedfiles/filedetails/?id=2853750041;wn4EW5If;rDdp0DSI;https://steamcommunity.com/sharedfiles/filedetails/?id=2918451788;hIr1RyTp;iuklNf92;https://steamcommunity.com/sharedfiles/filedetails/?id=1619358449;AcTr6ppV;rnAVBKMM;https://steamcommunity.com/sharedfiles/filedetails/?id=2443137073;UKQlzx1E;exr8s7Vf;https://steamcommunity.com/sharedfiles/filedetails/?id=2709890497;d3f0golQ;5MHtfmME;https://steamcommunity.com/sharedfiles/filedetails/?id=1401242793;OEnxs4Ek;kFTPHKWW;https://steamcommunity.com/sharedfiles/filedetails/?id=2420574818;;;;;;;;;;;;;;;;;;;;;;;;;;;;;;;;;;;;;;;;;;;;;;;;;;;;;;;;;;;;;;;;;;;;;;;;;;;;;;;;;;;;;;;;;;;;;;;;;;;;;;
