nombre;nombre1;nombre2;numero1;numero2;numero3;numero4;numero5;numero6;numero7;numero8;numero9;numero10;numero11;numero12;numero13;numero14;numero15;numero16;numero17;numero18;numero19;numero20;numero21;numero22;numero23;numero24;videomobile1;video1;engine1;videomobile2;video2;engine2;videomobile3;video3;engine3;videomobile4;video4;engine4;videomobile5;video5;engine5;videomobile6;video6;engine6;videomobile7;video7;engine7;videomobile8;video8;engine8;videomobile9;video9;engine9;videomobile10;video10;engine10;videomobile11;video11;engine11;videomobile12;video12;engine12;videomobile13;video13;engine13;videomobile14;video14;engine14;videomobile15;video15;engine15;videomobile16;video16;engine16;videomobile17;video17;engine17;videomobile18;video18;engine18;videomobile19;video19;engine19;videomobile20;video20;engine20;videomobile21;video21;engine21;videomobile22;video22;engine22;videomobile23;video23;engine23;videomobile24;video24;engine24
Gaara;gaara;gaara;1;2;3;4;5;6;7;8;9;10;11;12;13;14;15;16;17;18;19;20;;;;;m9jrwjle;1puFepO8;https://steamcommunity.com/sharedfiles/filedetails/?id=2199601313;nJISHlYp;ClQgfGdM;https://steamcommunity.com/sharedfiles/filedetails/?id=2291235975;i2qeMzVi;xSI9bwEb;https://steamcommunity.com/sharedfiles/filedetails/?id=2078147848;DIQLkmRk;Tzxgn9OS;https://steamcommunity.com/sharedfiles/filedetails/?id=2682439235;z3vMKg8P;EB5BkSlE;https://steamcommunity.com/sharedfiles/filedetails/?id=2465345848;p5JHasH7;ak3JANRr;https://steamcommunity.com/sharedfiles/filedetails/?id=938231950;pw8ckQPt;4uDbQFDj;https://steamcommunity.com/sharedfiles/filedetails/?id=2278194768;mgcxAFIE;QBTKWAAy;https://steamcommunity.com/sharedfiles/filedetails/?id=2184595038;XtB3fu4o;Ogao9VdW;https://steamcommunity.com/sharedfiles/filedetails/?id=2291233694;udAIQQem;1AqdlwXs;https://steamcommunity.com/sharedfiles/filedetails/?id=1333595511;at24FJQO;25CR71bh;https://steamcommunity.com/sharedfiles/filedetails/?id=2311028997;7Guqa21K;jsebM30N;https://steamcommunity.com/sharedfiles/filedetails/?id=1437810231;Wnl9rltj;97NGeXaP;https://steamcommunity.com/sharedfiles/filedetails/?id=2321101437;JK0rrDEB;gn1Hm3l9;https://steamcommunity.com/sharedfiles/filedetails/?id=2237345242;L7qZ3dwB;Z5kYmjFY;https://steamcommunity.com/sharedfiles/filedetails/?id=2631817323;UK7H7Gu0;2ZWamWKi;https://steamcommunity.com/sharedfiles/filedetails/?id=2748704037;q5kA14B2;c0pDqMOe;https://steamcommunity.com/sharedfiles/filedetails/?id=2582876919;n9txn4Cq;c9G7Yo1C;https://steamcommunity.com/sharedfiles/filedetails/?id=2251770599;JOlSAXqV;DTgJJpkB;https://steamcommunity.com/sharedfiles/filedetails/?id=2890430381;W9J0jdU7;9dubKjPq;https://steamcommunity.com/sharedfiles/filedetails/?id=2305852629;;;;;;;;;;;;
Sakura Haruno;haruno;haruno;1;2;3;4;5;6;7;8;9;10;11;12;13;;;;;;;;;;;;sIkP4vnD;i3veW8hl;https://steamcommunity.com/sharedfiles/filedetails/?id=2193781104;D2OZ5RnA;MZCeMnsw;https://steamcommunity.com/sharedfiles/filedetails/?id=2081777433;U7zJKDjV;VPiuNuk9;https://steamcommunity.com/sharedfiles/filedetails/?id=2502196959;WdHWU1rz;J7vV6UCi;https://steamcommunity.com/sharedfiles/filedetails/?id=1350296740;9cMaixDn;HgxoCNa7;https://steamcommunity.com/sharedfiles/filedetails/?id=1846294703;dhp0L4Ky;2tfHwD0z;https://steamcommunity.com/sharedfiles/filedetails/?id=1160362276;JgUb4mH2;HSxN2c4q;https://steamcommunity.com/sharedfiles/filedetails/?id=2870593064;QC87AcqH;WqEypnMv;https://steamcommunity.com/sharedfiles/filedetails/?id=2078202852;I0ejHuzp;LQXTbsPX;https://steamcommunity.com/sharedfiles/filedetails/?id=2545814193;BI6eVmNe;yajRs0be;https://steamcommunity.com/sharedfiles/filedetails/?id=2052897252;oAYO2pW7;X2OUHd5x;https://steamcommunity.com/sharedfiles/filedetails/?id=2879511183;Ckr3Q0bc;nVsaUhQo;https://steamcommunity.com/sharedfiles/filedetails/?id=2914163344;52t8YFqe;ZnT0DHcB;https://steamcommunity.com/sharedfiles/filedetails/?id=2045052154;;;;;;;;;;;;;;;;;;;;;;;;;;;;;;;;;
Hinata Hyuga;hinata;hinata;1;2;3;4;5;6;7;8;9;10;11;12;13;;;;;;;;;;;;1ZhyyU8G;LtJKexwZ;https://steamcommunity.com/sharedfiles/filedetails/?id=2613231922;IGD45P6H;hmr1P7hy;https://steamcommunity.com/sharedfiles/filedetails/?id=2411170761;UTQVR5ph;FCwuMBX5;https://steamcommunity.com/sharedfiles/filedetails/?id=1507124471;nkJPBY3p;y5tHfKm1;https://steamcommunity.com/sharedfiles/filedetails/?id=2566535573;F8KJ5gwz;oloLR3q7;https://steamcommunity.com/sharedfiles/filedetails/?id=1508153269;PRXAg1jl;3wXMZu5y;https://steamcommunity.com/sharedfiles/filedetails/?id=1650697673;siSk9kda;plaO52iu;https://steamcommunity.com/sharedfiles/filedetails/?id=1983006544;tY1oyYiT;Djw2K5ZF;https://steamcommunity.com/sharedfiles/filedetails/?id=2078876895;5tBFl99c;26ICC47K;https://steamcommunity.com/sharedfiles/filedetails/?id=2439597595;uy941L9M;6bf8pmHI;https://steamcommunity.com/sharedfiles/filedetails/?id=2089536539;QfeXQKWo;M9mppeep;https://steamcommunity.com/sharedfiles/filedetails/?id=2403092723;GLzOhA3f;n8g71zSf;https://steamcommunity.com/sharedfiles/filedetails/?id=2361755549;g5qS68Nr;xBFCtd6v;https://steamcommunity.com/sharedfiles/filedetails/?id=2930500860;;;;;;;;;;;;;;;;;;;;;;;;;;;;;;;;;
Ino Yamanata;ino;ino;1;2;3;4;5;6;7;8;;;;;;;;;;;;;;;;;N7yd9srs;PA0ZyWOP;https://steamcommunity.com/sharedfiles/filedetails/?id=2321079112;11uYcgN5;lbGpMjXU;https://steamcommunity.com/sharedfiles/filedetails/?id=1716625401;fX2GVucv;jySc1Rzi;https://steamcommunity.com/sharedfiles/filedetails/?id=2515587364;fYRU9QG5;qQxoRgDO;https://steamcommunity.com/sharedfiles/filedetails/?id=2304579022;kZgZo4o1;k5YGPKnC;https://steamcommunity.com/sharedfiles/filedetails/?id=2182137173;5u1h4ATn;xvblMJFj;https://steamcommunity.com/sharedfiles/filedetails/?id=2354297138;Rn0wBJR0;S16A0gcW;https://steamcommunity.com/sharedfiles/filedetails/?id=1554164255;H8plc69Z;U3Wq4Kbl;https://steamcommunity.com/sharedfiles/filedetails/?id=2666512962;;;;;;;;;;;;;;;;;;;;;;;;;;;;;;;;;;;;;;;;;;;;;;;;
Itachi Uchiha;itachi;itachi;1;2;3;4;5;6;7;8;9;10;11;12;13;14;15;16;17;18;19;20;21;;;;a3n8SXd4;NPrEAoiK;https://steamcommunity.com/sharedfiles/filedetails/?id=2810492318;cMsKBv9L;XfySuqLb;https://steamcommunity.com/sharedfiles/filedetails/?id=2882327549;wfTQkpuZ;DJ9DhhZd;https://steamcommunity.com/sharedfiles/filedetails/?id=2521928307;zq1gtZXl;2twBfR5v;https://steamcommunity.com/sharedfiles/filedetails/?id=2439836707;1GDPXPi6;hXapWbNg;https://steamcommunity.com/sharedfiles/filedetails/?id=2535934534;rBXipj4t;iQYutGYn;https://steamcommunity.com/sharedfiles/filedetails/?id=1775289408;16P5qngq;i04gC8iD;https://steamcommunity.com/sharedfiles/filedetails/?id=2258732647;nptLpavk;CcCZ0b09;https://steamcommunity.com/sharedfiles/filedetails/?id=1968817237;eovvymE7;aUUzNXMF;https://steamcommunity.com/sharedfiles/filedetails/?id=2206363706;T4uBUiNS;5Q6otBR7;https://steamcommunity.com/sharedfiles/filedetails/?id=2189403363;kClBBHgQ;ME6O90NY;https://steamcommunity.com/sharedfiles/filedetails/?id=2838839013;zffFhIbJ;C8G13521;https://steamcommunity.com/sharedfiles/filedetails/?id=2917831714;zuQaeJUs;ppqpDzDm;https://steamcommunity.com/sharedfiles/filedetails/?id=2803797769;CFnGgqx1;Dkgu8vQS;https://steamcommunity.com/sharedfiles/filedetails/?id=2904579185;rscoU2vo;Ya2qh03L;https://steamcommunity.com/sharedfiles/filedetails/?id=2913248913;Vc5APA85;VuWdBRhC;https://steamcommunity.com/sharedfiles/filedetails/?id=2822698032;jWJu1gIL;6YDf3vEh;https://steamcommunity.com/sharedfiles/filedetails/?id=2843151394;FcP9NCl0;8zkK8koY;https://steamcommunity.com/sharedfiles/filedetails/?id=2812020290;tR0sPsm0;Kzh8WNem;https://steamcommunity.com/sharedfiles/filedetails/?id=2810938970;3MSQ4Ek9;YEMFuxN2;https://steamcommunity.com/sharedfiles/filedetails/?id=2883420074;Zs8UZocI;2wTYe7Fa;https://steamcommunity.com/sharedfiles/filedetails/?id=2818582605;;;;;;;;;
Kakashi Hatake;kakashi;kakashi;1;2;3;4;5;6;7;8;9;10;11;12;13;14;15;16;17;18;19;20;21;22;23;24;0v4Ifgj6;NcCUpSYZ;https://steamcommunity.com/sharedfiles/filedetails/?id=2811157144;LDVC8dU8;xqqC8vuz;https://steamcommunity.com/sharedfiles/filedetails/?id=2857912296;yOm3cLZd;7PTA8KmJ;https://steamcommunity.com/sharedfiles/filedetails/?id=2874783677;WpFXUCV3;rTP1HtrT;https://steamcommunity.com/sharedfiles/filedetails/?id=2605872623;UCbXFrFD;K6aa6Ykr;https://steamcommunity.com/sharedfiles/filedetails/?id=2663883673;XhELht7p;5JmvVPGY;https://steamcommunity.com/sharedfiles/filedetails/?id=2244640723;aAzqzu6e;eOM9obPJ;https://steamcommunity.com/sharedfiles/filedetails/?id=1434049153;s7Cmybko;1pWaPZLM;https://steamcommunity.com/sharedfiles/filedetails/?id=2249511055;OIXAxCTJ;IqnujAgU;https://steamcommunity.com/sharedfiles/filedetails/?id=1750193892;2WPKgIOz;IpPI0CKz;https://steamcommunity.com/sharedfiles/filedetails/?id=2843160302;9ZVz8Qqw;R0hH6z7Y;https://steamcommunity.com/sharedfiles/filedetails/?id=2824334255;p2gylpvx;BqqiHlVo;https://steamcommunity.com/sharedfiles/filedetails/?id=2816492732;sTCw7byE;U90wfrUn;https://steamcommunity.com/sharedfiles/filedetails/?id=2840597513;4HA0FNW0;B3lgHHIY;https://steamcommunity.com/sharedfiles/filedetails/?id=2761621881;nc6AhROs;PLWCJt11;https://steamcommunity.com/sharedfiles/filedetails/?id=2824970430;lgYVQ1MI;37ggbtJa;https://steamcommunity.com/sharedfiles/filedetails/?id=2817821581;C0D3f852;qtoeobVd;https://steamcommunity.com/sharedfiles/filedetails/?id=2928907072;LDXy2QVu;VMPgRscZ;https://steamcommunity.com/sharedfiles/filedetails/?id=936613398;rKmwvmz0;Ec00J8SI;https://steamcommunity.com/sharedfiles/filedetails/?id=1878103677;OZgcrMfi;Wkw7ylSr;https://steamcommunity.com/sharedfiles/filedetails/?id=1820642416;cYufS0dY;6HXa58OI;https://steamcommunity.com/sharedfiles/filedetails/?id=1992472128;P1svpjtF;zijtHexK;https://steamcommunity.com/sharedfiles/filedetails/?id=1866757246;KmmrhPuR;42T0YeCG;https://steamcommunity.com/sharedfiles/filedetails/?id=2291152540;xrgTjhYD;edFrjiby;https://steamcommunity.com/sharedfiles/filedetails/?id=2262586978
Neji Hyuga;neji;neji;1;2;3;4;5;6;7;8;;;;;;;;;;;;;;;;;nxea8ThB;pRlI3mbN;https://steamcommunity.com/sharedfiles/filedetails/?id=922284453;t0Hhz9os;J4hoIYKx;https://steamcommunity.com/sharedfiles/filedetails/?id=1906626471;CvJ7aA8n;NQBAFSGE;https://steamcommunity.com/sharedfiles/filedetails/?id=2789307727;RzpakM5J;wNMz8KFG;https://steamcommunity.com/sharedfiles/filedetails/?id=2342263421;RMUE0935;yzmWUD2S;https://steamcommunity.com/sharedfiles/filedetails/?id=1881113513;sIjyaKOs;MenN4PTp;https://steamcommunity.com/sharedfiles/filedetails/?id=2597145533;S6Q1FQYA;VqdiqoJ1;https://steamcommunity.com/sharedfiles/filedetails/?id=931319491;cdnL6VPE;doqnITLD;https://steamcommunity.com/sharedfiles/filedetails/?id=2688499637;;;;;;;;;;;;;;;;;;;;;;;;;;;;;;;;;;;;;;;;;;;;;;;;
Obito Uchiha;obito;obito;1;2;3;4;5;6;7;8;9;10;11;12;13;14;15;16;17;18;;;;;;;LO2lqDCU;mSvAubtQ;https://steamcommunity.com/sharedfiles/filedetails/?id=2605872249;q7pvvYD4;bZtbeumg;https://steamcommunity.com/sharedfiles/filedetails/?id=2491480389;68CaWQKF;lUfhyIJ6;https://steamcommunity.com/sharedfiles/filedetails/?id=2052588188;TXkhKZId;nZbaGzpJ;https://steamcommunity.com/sharedfiles/filedetails/?id=2917638306;t93Raofx;ZyWKGFnV;https://steamcommunity.com/sharedfiles/filedetails/?id=2917667810;rXmvSD3M;lbDua63x;https://steamcommunity.com/sharedfiles/filedetails/?id=2884636070;UHDfuf1R;LzR54Mo3;https://steamcommunity.com/sharedfiles/filedetails/?id=2798343172;ckfECYyr;aWoZsB3Q;https://steamcommunity.com/sharedfiles/filedetails/?id=2730228591;wpRya8f5;YzbziQKz;https://steamcommunity.com/sharedfiles/filedetails/?id=2781381590;fWNdwcJW;s5DqY4mH;https://steamcommunity.com/sharedfiles/filedetails/?id=2818586866;okK8CNlD;P1xwKG3v;https://steamcommunity.com/sharedfiles/filedetails/?id=2888567210;1Zhy9NPp;QoRb5yjZ;https://steamcommunity.com/sharedfiles/filedetails/?id=2851171990;Tc5iOKtk;7lEyTiWP;https://steamcommunity.com/sharedfiles/filedetails/?id=2818787863;oFdJJWT7;i1bNXDyj;https://steamcommunity.com/sharedfiles/filedetails/?id=2299269884;DVQgPDnW;vCzHi0E8;https://steamcommunity.com/sharedfiles/filedetails/?id=2883129736;7dxlZu1v;HIfFmNwz;https://steamcommunity.com/sharedfiles/filedetails/?id=2574276675;WHZwcn03;uRkyNHNs;https://steamcommunity.com/sharedfiles/filedetails/?id=2909093620;UnlpOeNa;P7Ndtztp;https://steamcommunity.com/sharedfiles/filedetails/?id=2688201667;;;;;;;;;;;;;;;;;;
Pikachu;pikachu;pikachu;1;2;3;4;5;6;7;8;9;10;11;12;13;14;15;;;;;;;;;;oPSHQLvl;LZUgw5Kf;https://steamcommunity.com/sharedfiles/filedetails/?id=2960188449;dHmPD5rH;aiXocTYX;https://steamcommunity.com/sharedfiles/filedetails/?id=2949282442;CzVqlTGh;WUZ9LT10;https://steamcommunity.com/sharedfiles/filedetails/?id=2941373510;aKL6B0PN;KqCUuU7p;https://steamcommunity.com/sharedfiles/filedetails/?id=2955113157;s491PXIv;AWtWqGGi;https://steamcommunity.com/sharedfiles/filedetails/?id=2945394587;lmH11eV0;kxJpCPsY;https://steamcommunity.com/sharedfiles/filedetails/?id=2843147781;N233gohx;N8K1lfyu;https://steamcommunity.com/sharedfiles/filedetails/?id=1743854234;jhIEKJou;ebY5aXF3;https://steamcommunity.com/sharedfiles/filedetails/?id=2873528113;It9E7LkQ;0rp3stsM;https://steamcommunity.com/sharedfiles/filedetails/?id=2407674465;UA5GIqjD;VbD9Buhd;https://steamcommunity.com/sharedfiles/filedetails/?id=2927555619;f18hb9N7;wwl7SwYy;https://steamcommunity.com/sharedfiles/filedetails/?id=1807332039;Tsv4gIsJ;OI93bLAt;https://steamcommunity.com/sharedfiles/filedetails/?id=1779623725;cZVIkpEv;QlXCwOEe;https://steamcommunity.com/sharedfiles/filedetails/?id=2904611393;m7ZdKnM9;RcLizZUh;https://steamcommunity.com/sharedfiles/filedetails/?id=1744489846;VqEfLsav;7mguAm61;https://steamcommunity.com/sharedfiles/filedetails/?id=1329686135;;;;;;;;;;;;;;;;;;;;;;;;;;;
Shikamaru Nara;shikamaru;shikamaru;1;2;3;4;5;6;7;8;9;10;11;12;13;14;15;16;;;;;;;;;Hz8HP5NE;g6HrzWDS;https://steamcommunity.com/sharedfiles/filedetails/?id=2204175718;8okYocD3;FDJQY8mn;https://steamcommunity.com/sharedfiles/filedetails/?id=2357730077;Q7A3qYCx;TmHte6Sd;https://steamcommunity.com/sharedfiles/filedetails/?id=2068788096;uSGpMZuG;DIrrYw1G;https://steamcommunity.com/sharedfiles/filedetails/?id=2232699578;jabH6eKB;76VYKgC0;https://steamcommunity.com/sharedfiles/filedetails/?id=1659403559;MsMhzubh;2I5FpSZZ;https://steamcommunity.com/sharedfiles/filedetails/?id=2544984362;B1U0cUX3;QSxVeOA1;https://steamcommunity.com/sharedfiles/filedetails/?id=2631812737;3R7gO8wB;SdWrAA8S;https://steamcommunity.com/sharedfiles/filedetails/?id=2168016313;618pIw9Z;vRjfijtd;https://steamcommunity.com/sharedfiles/filedetails/?id=2350338790;DJWfspvN;dqkU9MF2;https://steamcommunity.com/sharedfiles/filedetails/?id=2901172090;iYz6aFo5;RIUnXBmc;https://steamcommunity.com/sharedfiles/filedetails/?id=2617863933;GZ765wJG;htnqiZAI;https://steamcommunity.com/sharedfiles/filedetails/?id=2291231892;RnURjN5q;WZpAJOFu;https://steamcommunity.com/sharedfiles/filedetails/?id=1542881622;WJ0j7s0y;sgmmgFRP;https://steamcommunity.com/sharedfiles/filedetails/?id=2525964844;FR2Bu2QB;Xl0rP3v2;https://steamcommunity.com/sharedfiles/filedetails/?id=2401344234;OsvFCoOE;uj4ArELH;https://steamcommunity.com/sharedfiles/filedetails/?id=2474085959;;;;;;;;;;;;;;;;;;;;;;;;
Zabuza;zabuza;zabuza;1;2;3;4;5;6;7;8;9;10;11;12;13;;;;;;;;;;;;wTT5cco4;l7QpvAfD;https://steamcommunity.com/sharedfiles/filedetails/?id=2726920692;5wb5hLsW;v6xyc5qy;https://steamcommunity.com/sharedfiles/filedetails/?id=2570705850;Tm6vbpyK;MSaIwp0T;https://steamcommunity.com/sharedfiles/filedetails/?id=2577624719;5cvbINcX;9olrWfor;https://steamcommunity.com/sharedfiles/filedetails/?id=1813220823;qdmTKQ4p;wRfou21V;https://steamcommunity.com/sharedfiles/filedetails/?id=1423075725;dfueRfHy;qw8zqqRo;https://steamcommunity.com/sharedfiles/filedetails/?id=1563313318;Q29FmWeb;TIEvDPWQ;https://steamcommunity.com/sharedfiles/filedetails/?id=2545493893;Dag6EjI2;WjS6MoRi;https://steamcommunity.com/sharedfiles/filedetails/?id=1771032106;pNMGODAW;OrJbsgFo;https://steamcommunity.com/sharedfiles/filedetails/?id=2747166533;z9YjJSJz;E8V9t8Ij;https://steamcommunity.com/sharedfiles/filedetails/?id=2659812236;3W1gieMJ;ekSMW3jv;https://steamcommunity.com/sharedfiles/filedetails/?id=2747228531;zsBJXkAF;r8dRggED;https://steamcommunity.com/sharedfiles/filedetails/?id=2707034953;pRl24CIl;9C58cEZh;https://steamcommunity.com/sharedfiles/filedetails/?id=950861435;;;;;;;;;;;;;;;;;;;;;;;;;;;;;;;;;
