nombre;nombre1;nombre2;numero1;numero2;numero3;numero4;numero5;numero6;numero7;numero8;numero9;numero10;numero11;numero12;numero13;numero14;numero15;numero16;numero17;numero18;numero19;numero20;numero21;numero22;numero23;numero24;videomobile1;video1;engine1;videomobile2;video2;engine2;videomobile3;video3;engine3;videomobile4;video4;engine4;videomobile5;video5;engine5;videomobile6;video6;engine6;videomobile7;video7;engine7;videomobile8;video8;engine8;videomobile9;video9;engine9;videomobile10;video10;engine10;videomobile11;video11;engine11;videomobile12;video12;engine12;videomobile13;video13;engine13;videomobile14;video14;engine14;videomobile15;video15;engine15;videomobile16;video16;engine16;videomobile17;video17;engine17;videomobile18;video18;engine18;videomobile19;video19;engine19;videomobile20;video20;engine20;videomobile21;video21;engine21;videomobile22;video22;engine22;videomobile23;video23;engine23
Aquaman;aquaman;aquaman;1;2;3;4;5;6;7;8;9;;;;;;;;;;;;;;;;Z1YRqHBL;62UXqmsX;https://steamcommunity.com/sharedfiles/filedetails/?id=1580295655;dykEWOOs;urAKq0Ii;https://steamcommunity.com/sharedfiles/filedetails/?id=2259992170;wGNys5Y7;lxpCIMPR;https://steamcommunity.com/sharedfiles/filedetails/?id=1765158110;IgeFyYlX;GHFrca9I;https://steamcommunity.com/sharedfiles/filedetails/?id=2257351432;MS8mPAxO;EfbB3bmS;https://steamcommunity.com/sharedfiles/filedetails/?id=1641991764;2u9FGzij;ahVjgusK;https://steamcommunity.com/sharedfiles/filedetails/?id=2170501152;49TdnzZg;vg0whcY4;https://steamcommunity.com/sharedfiles/filedetails/?id=1754673553;SksfndLh;FCpzlDpd;https://steamcommunity.com/sharedfiles/filedetails/?id=2789756461;wnK5wb07;mAro56tK;https://steamcommunity.com/sharedfiles/filedetails/?id=1688149388;;;;;;;;;;;;;;;;;;;;;;;;;;;;;;;;;;;;;;;;;;
Black Panther;black-panther;black-panther;1;2;3;4;5;6;7;8;9;10;11;12;13;14;15;;;;;;;;;;EOnNY5H3;y5E8POdF;https://steamcommunity.com/sharedfiles/filedetails/?id=1427754973;RssJGxZc;BJXIcJVq;https://steamcommunity.com/sharedfiles/filedetails/?id=1318121096;CA0FZ2oc;VMbv684g;https://steamcommunity.com/sharedfiles/filedetails/?id=1303646235;RwXG1ZxH;47rtaK6Z;https://steamcommunity.com/sharedfiles/filedetails/?id=1876569191;PPAzWJZj;olL457YY;https://steamcommunity.com/sharedfiles/filedetails/?id=1467841084;hSq7JFMh;8pd4wuSa;https://steamcommunity.com/sharedfiles/filedetails/?id=2541177290;fEMO8V9t;MCdMQfSN;https://steamcommunity.com/sharedfiles/filedetails/?id=1938754751;uKHnQ9WN;KBTDG0pQ;https://steamcommunity.com/sharedfiles/filedetails/?id=1466754706;oQi4hvQZ;FeDs6ifj;https://steamcommunity.com/sharedfiles/filedetails/?id=2062509835;fFm8c8ac;IKOJVUIb;https://steamcommunity.com/sharedfiles/filedetails/?id=2106335417;TxHGvshm;5aprKEGa;https://steamcommunity.com/sharedfiles/filedetails/?id=1416553212;cx3xLMFK;m7zwBi46;https://steamcommunity.com/sharedfiles/filedetails/?id=2780768849;oeMTRi5f;OKJWcEIu;https://steamcommunity.com/sharedfiles/filedetails/?id=1792636199;qSFNTKki;Gb54OkMK;https://steamcommunity.com/sharedfiles/filedetails/?id=1371575689;fUUmIR4O;Il5M5EQz;https://steamcommunity.com/sharedfiles/filedetails/?id=2495245566;;;;;;;;;;;;;;;;;;;;;;;;
CatWoman;catwoman;catwoman;1;2;3;4;5;6;7;8;9;10;11;12;13;;;;;;;;;;;;pCVFELYV;irq0tT3T;https://steamcommunity.com/sharedfiles/filedetails/?id=2800700941;CpFGwzZm;7uNLEHqB;https://steamcommunity.com/sharedfiles/filedetails/?id=2343897409;vX7g8AKx;SWhky47Y;https://steamcommunity.com/sharedfiles/filedetails/?id=2135003293;XVPtTjod;E5iAhGXA;https://steamcommunity.com/sharedfiles/filedetails/?id=2249719132;GwZaarAi;2nKKx97c;https://steamcommunity.com/sharedfiles/filedetails/?id=2236181470;h1aVyVT4;SivB26E3;https://steamcommunity.com/sharedfiles/filedetails/?id=2280282799;ji5VoV4S;OnvHwb0u;https://steamcommunity.com/sharedfiles/filedetails/?id=2231737768;MDgTaUqs;PKtL6zOH;https://steamcommunity.com/sharedfiles/filedetails/?id=2930852229;jklm5nGe;vXuq31Ko;https://steamcommunity.com/sharedfiles/filedetails/?id=1791769398;9ZHdWX02;qRJb41xn;https://steamcommunity.com/sharedfiles/filedetails/?id=2135043290;aejXoqAu;k1amuQuR;https://steamcommunity.com/sharedfiles/filedetails/?id=2777884476;IOXvGEam;5y84lbkt;https://steamcommunity.com/sharedfiles/filedetails/?id=2345518039;RFikAAAR;s4hrslLm;https://steamcommunity.com/sharedfiles/filedetails/?id=2233986783;;;;;;;;;;;;;;;;;;;;;;;;;;;;;;
Daredevil;daredevil;daredevil;1;2;3;4;5;6;7;8;9;10;11;12;13;14;;;;;;;;;;;l60p0Sb4;73gUmpjB;https://steamcommunity.com/sharedfiles/filedetails/?id=1586617461;C3r1h5k2;9vkj83iY;https://steamcommunity.com/sharedfiles/filedetails/?id=2087470454;vL0xBHx2;LfO7bQYg;https://steamcommunity.com/sharedfiles/filedetails/?id=1443894182;BptZUTfw;I4xrhs9w;https://steamcommunity.com/sharedfiles/filedetails/?id=2541152671;oDm8AYkQ;8EMUWPj9;https://steamcommunity.com/sharedfiles/filedetails/?id=1547469790;bdT9rs5f;3tFR5gDW;https://steamcommunity.com/sharedfiles/filedetails/?id=1443894186;nCSJfrEZ;MePMhuxh;https://steamcommunity.com/sharedfiles/filedetails/?id=2470671619;N0JpRF11;MPGUxYbG;https://steamcommunity.com/sharedfiles/filedetails/?id=1436028967;LlKetfT7;DNRrVenS;https://steamcommunity.com/sharedfiles/filedetails/?id=1561700959;8CEGuJo3;cAND4FiA;https://steamcommunity.com/sharedfiles/filedetails/?id=1891912984;ynBOsZSw;UKwfQZY0;https://steamcommunity.com/sharedfiles/filedetails/?id=2470051918;N2Vcr4Au;CNEnpBnH;https://steamcommunity.com/sharedfiles/filedetails/?id=1827648732;WnXF8dNb;sCHenOMK;https://steamcommunity.com/sharedfiles/filedetails/?id=2125496067;0Fy0JX5q;CfkJN5Pf;https://steamcommunity.com/sharedfiles/filedetails/?id=1552365357;;;;;;;;;;;;;;;;;;;;;;;;;;;
Doctor Strange;doctorstrange;doctorstrange;1;2;3;4;5;6;7;8;9;10;11;12;13;14;15;16;;;;;;;;;QpGCRccR;FDelkyOx;https://steamcommunity.com/sharedfiles/filedetails/?id=1351546743;QDwuoeat;LYnvqsYi;https://steamcommunity.com/sharedfiles/filedetails/?id=1752983497;ZTydqGK0;KSuM60hQ;https://steamcommunity.com/sharedfiles/filedetails/?id=2945641980;5wlxZRX0;SB6HBrLr;https://steamcommunity.com/sharedfiles/filedetails/?id=2240428569;36hjwVeD;DFdlhPAK;https://steamcommunity.com/sharedfiles/filedetails/?id=1180258316;YFBlLhaM;qnxce9A9;https://steamcommunity.com/sharedfiles/filedetails/?id=1884116497;NuAvsoyi;6H4dtqsz;https://steamcommunity.com/sharedfiles/filedetails/?id=1485358927;6Ht4q0GV;iXA7ZedC;https://steamcommunity.com/sharedfiles/filedetails/?id=1473509969;tWsWJykx;KspwYzGF;https://steamcommunity.com/sharedfiles/filedetails/?id=1494200255;DSzBfyY1;urQ6T616;https://steamcommunity.com/sharedfiles/filedetails/?id=2808853257;ZQJEavX2;lNMTma6L;https://steamcommunity.com/sharedfiles/filedetails/?id=2087499430;LESZpMvC;tkpEv0Hv;https://steamcommunity.com/sharedfiles/filedetails/?id=1733484070;d9lBAJhY;4u16onI4;https://steamcommunity.com/sharedfiles/filedetails/?id=1819850847;7kQoyd7M;RBZ4jJma;https://steamcommunity.com/sharedfiles/filedetails/?id=2719844266;hvua4Vjr;zhAoz07y;https://steamcommunity.com/sharedfiles/filedetails/?id=2804175424;Wbc6WHRB;gjnKSnUf;https://steamcommunity.com/sharedfiles/filedetails/?id=2387172442;;;;;;;;;;;;;;;;;;;;;
Flash;flash;flash;1;2;3;4;5;6;7;8;9;10;11;12;13;14;15;16;17;18;;;;;;;c9gKoYyv;Ckv2sVlc;https://steamcommunity.com/sharedfiles/filedetails/?id=2192668108;8py9f2qs;Qk44rKkb;https://steamcommunity.com/sharedfiles/filedetails/?id=2035105996;tA82SLGl;Fk8v3RFI;https://steamcommunity.com/sharedfiles/filedetails/?id=2439119220;YM85mYYd;hhIblb7N;https://steamcommunity.com/sharedfiles/filedetails/?id=2903151949;YjUJRHtZ;Pm9dkGXa;https://steamcommunity.com/sharedfiles/filedetails/?id=2183923999;SDJrtvyD;2UujTIkO;https://steamcommunity.com/sharedfiles/filedetails/?id=1522309232;SZwi5PvY;onR8uGSX;https://steamcommunity.com/sharedfiles/filedetails/?id=1765171288;u6HfHvau;ee0QCRb1;https://steamcommunity.com/sharedfiles/filedetails/?id=1179249533;kbkBewwo;uu7PbqOz;https://steamcommunity.com/sharedfiles/filedetails/?id=1398569148;LGkARMim;zHkViPoo;https://steamcommunity.com/sharedfiles/filedetails/?id=1627541226;IAvhLE0K;VFFX4I7h;https://steamcommunity.com/sharedfiles/filedetails/?id=943277597;5bGHgEdR;FbOlRhqB;https://steamcommunity.com/sharedfiles/filedetails/?id=1753004794;P3bX6OIB;0thW7tMa;https://steamcommunity.com/sharedfiles/filedetails/?id=2454364922;z9NfMJ9T;DtnLzNnu;https://steamcommunity.com/sharedfiles/filedetails/?id=2384810755;cBM2OhB8;H50tI3yP;https://steamcommunity.com/sharedfiles/filedetails/?id=1215659742;yLZJDOQW;mWCH8VQL;https://steamcommunity.com/sharedfiles/filedetails/?id=1495422219;ssmTmcdh;Cbc7Zdeh;https://steamcommunity.com/sharedfiles/filedetails/?id=2026454917;KpOeqU48;Ij5ZMiu1;https://steamcommunity.com/sharedfiles/filedetails/?id=1291625314;;;;;;;;;;;;;;;
Iron man;iron-man;iron-man;1;2;3;4;5;6;7;8;9;10;11;12;13;14;15;16;17;18;19;20;21;22;;;lXlNW0In;IhSqCIIx;https://steamcommunity.com/sharedfiles/filedetails/?id=2810316160;7hkRnlJ7;r1I7jS5A;https://steamcommunity.com/sharedfiles/filedetails/?id=2859466777;76UzUIUC;lwdGzJiK;https://steamcommunity.com/sharedfiles/filedetails/?id=2760853051;xlkdnvJ8;VLVVF8Pw;https://steamcommunity.com/sharedfiles/filedetails/?id=2448459657;qxa8ymHA;z9IEhRtj;https://steamcommunity.com/sharedfiles/filedetails/?id=2795745677;PXZ2gpib;PZxDDheb;https://steamcommunity.com/sharedfiles/filedetails/?id=2832326494;3MaCERrM;xgj0B6uj;https://steamcommunity.com/sharedfiles/filedetails/?id=2550996148;eIQMLW56;UvDcVdIA;https://steamcommunity.com/sharedfiles/filedetails/?id=2838741863;fk76CoKq;W0kQliXh;https://steamcommunity.com/sharedfiles/filedetails/?id=2908669505;bmn6RUsR;c5Su1iJo;https://steamcommunity.com/sharedfiles/filedetails/?id=2824096693;BeO5n7Ut;QlwlwaCj;https://steamcommunity.com/sharedfiles/filedetails/?id=2150047033;nPW8ZktT;wvU1Um91;https://steamcommunity.com/sharedfiles/filedetails/?id=2257559351;1ttc1kvT;6WjwHh3O;https://steamcommunity.com/sharedfiles/filedetails/?id=2788935186;Jj4uyDRp;z7A1NC4L;Jj4uyDRp;p5Efrz87;bUaHdcAq;https://steamcommunity.com/sharedfiles/filedetails/?id=2764399774;eFXwiXAS;NzLXFmMB;https://steamcommunity.com/sharedfiles/filedetails/?id=2817421609;ju8ef3dt;qCAStRjJ;https://steamcommunity.com/sharedfiles/filedetails/?id=2579889703;T9976Qpc;drkHC8fF;https://steamcommunity.com/sharedfiles/filedetails/?id=1867668313;qhtQH6Cm;bNvUkG6n;https://steamcommunity.com/sharedfiles/filedetails/?id=2942375115;ncUegy60;jbv6UCW1;https://steamcommunity.com/sharedfiles/filedetails/?id=2898782622;hEToqM10;pquT2UsJ;https://steamcommunity.com/sharedfiles/filedetails/?id=1349911150;YxMTQqzD;X6pxk86C;https://steamcommunity.com/sharedfiles/filedetails/?id=1869714246;;;
Joker;joker;joker;1;2;3;4;5;6;7;8;9;10;11;12;13;14;15;16;17;;;;;;;;16LlHi0x;BWFCY6yF;https://steamcommunity.com/sharedfiles/filedetails/?id=2480167782;KecetD8W;3rtt5q2M;https://steamcommunity.com/sharedfiles/filedetails/?id=2945276034;tkKOIz6J;eGfT1trO;https://steamcommunity.com/sharedfiles/filedetails/?id=2344496391;9TEpxvds;dmoHUcZ0;https://steamcommunity.com/sharedfiles/filedetails/?id=1963734480;qddZ8wQu;QVQICt9e;https://steamcommunity.com/sharedfiles/filedetails/?id=1531733331;yib9OHfN;rD3M7qYS;https://steamcommunity.com/sharedfiles/filedetails/?id=2682674564;MhSwyp1h;xk869Cs9;https://steamcommunity.com/sharedfiles/filedetails/?id=1965202466;UdsqVeR6;AWZZXihc;https://steamcommunity.com/sharedfiles/filedetails/?id=1881542517;QQboLH2I;cdWLLBX2;https://steamcommunity.com/sharedfiles/filedetails/?id=2810939875;vXStBFuk;qS1jmLq8;https://steamcommunity.com/sharedfiles/filedetails/?id=1804179360;A2pC9uaN;3ImDAGRo;https://steamcommunity.com/sharedfiles/filedetails/?id=1353183420;UO1dq7ft;WZNsNLjz;https://steamcommunity.com/sharedfiles/filedetails/?id=1452536413;nYXhnHGa;DiMaL26w;https://steamcommunity.com/sharedfiles/filedetails/?id=1957355678;bTsWErE2;RoLKwouz;https://steamcommunity.com/sharedfiles/filedetails/?id=2331403238;wDi21VaS;b0pyuqzB;https://steamcommunity.com/sharedfiles/filedetails/?id=2221866650;dbwMaNkc;FL7SZTUv;https://steamcommunity.com/sharedfiles/filedetails/?id=2234105322;ZbAbrPoT;kG6Pkfg9;https://steamcommunity.com/sharedfiles/filedetails/?id=2191169310;;;;;;;;;;;;;;;;;;
Spiderman;spiderman;spiderman;1;2;3;4;5;6;7;8;9;10;11;12;13;14;15;16;17;18;19;20;;;;;6pLqUqqJ;SK6mFFVr;https://steamcommunity.com/sharedfiles/filedetails/?id=2947913321;ojsg03Uv;WKzJLWV6;https://steamcommunity.com/sharedfiles/filedetails/?id=2909428905;L28KJTrJ;AYkz8Vyb;https://steamcommunity.com/sharedfiles/filedetails/?id=2910334844;7HdGATb8;Aypf9Ncn;https://steamcommunity.com/sharedfiles/filedetails/?id=2850268101;ZOlKo1Zk;7beK9zsR;https://steamcommunity.com/sharedfiles/filedetails/?id=1609232920;5WKlUvrh;kFdYG76L;https://steamcommunity.com/sharedfiles/filedetails/?id=2863091545;FunYGIWB;GSGqPUqh;https://steamcommunity.com/sharedfiles/filedetails/?id=2728433191;THhqDGcL;6ojeqx3J;https://steamcommunity.com/sharedfiles/filedetails/?id=2925383836;J19LKyLJ;jNsKVVZW;https://steamcommunity.com/sharedfiles/filedetails/?id=2930990575;UK97poMC;In8S43L8;https://steamcommunity.com/sharedfiles/filedetails/?id=2893056532;CVrpDp5X;7SuwcxYb;https://steamcommunity.com/sharedfiles/filedetails/?id=2539340472;DgbvTw6P;cfuIEtq2;https://steamcommunity.com/sharedfiles/filedetails/?id=2892626410;QS8bTcse;DQ08EFLf;https://steamcommunity.com/sharedfiles/filedetails/?id=2762400865;KtVEXFQI;YwzuZsLn;https://steamcommunity.com/sharedfiles/filedetails/?id=2632977345;VgWDbckz;ThyQd3GI;https://steamcommunity.com/sharedfiles/filedetails/?id=2345840080;A4Trf7pn;AmTSH7tJ;https://steamcommunity.com/sharedfiles/filedetails/?id=2810449677;6S58erA3;MPrU2Sd6;https://steamcommunity.com/sharedfiles/filedetails/?id=2849550516;UPED5G94;0QbBsvPU;https://steamcommunity.com/sharedfiles/filedetails/?id=2812194199;wRjxTOyk;aN1sGyeu;https://steamcommunity.com/sharedfiles/filedetails/?id=2786265379;NSwCPoiG;pOLiHgG5;https://steamcommunity.com/sharedfiles/filedetails/?id=2836530959;;;;;;;;;
SuperGirl;supergirl;supergirl;1;2;3;4;5;6;7;;;;;;;;;;;;;;;;;;Z57VBZtl;O8eJu5IH;https://steamcommunity.com/sharedfiles/filedetails/?id=2931229635;stiGBgo3;lVHDeQmQ;https://steamcommunity.com/sharedfiles/filedetails/?id=2237498668;kxVIbJpH;rxN3mril;https://steamcommunity.com/sharedfiles/filedetails/?id=2156892026;Q4Nz0Iry;zF9KwsDN;https://steamcommunity.com/sharedfiles/filedetails/?id=2632948734;IH9Qeaql;XPl6E15H;https://steamcommunity.com/sharedfiles/filedetails/?id=2645854286;Ia8DrPSJ;1Wx6Mxvi;https://steamcommunity.com/sharedfiles/filedetails/?id=1789602109;GUwmtTHG;mbqR1P2U;https://steamcommunity.com/sharedfiles/filedetails/?id=2631670532;;;;;;;;;;;;;;;;;;;;;;;;;;;;;;;;;;;;;;;;;;;;;;;;
Superman;superman;superman;1;2;3;4;5;6;7;8;9;10;11;12;13;14;15;16;;;;;;;;;yqkdyl0M;8Xo26orB;https://steamcommunity.com/sharedfiles/filedetails/?id=2432715067;xlhswkg8;jaTos8Io;https://steamcommunity.com/sharedfiles/filedetails/?id=961365623;GhiFDHaF;Ek3Q1PGe;https://steamcommunity.com/sharedfiles/filedetails/?id=1768510955;XdYremss;6JBikRHz;https://steamcommunity.com/sharedfiles/filedetails/?id=1205893172;pKgXZ0YF;nasLvOtd;https://steamcommunity.com/sharedfiles/filedetails/?id=1397596061;B43AOlNJ;bPr2v3HQ;https://steamcommunity.com/sharedfiles/filedetails/?id=2676389196;fclWWN9F;ylSq3nCW;https://steamcommunity.com/sharedfiles/filedetails/?id=1471360308;DPbAWDjq;TYNtj2zs;https://steamcommunity.com/sharedfiles/filedetails/?id=846931617;4IdOzAZC;GQbXz9kW;https://steamcommunity.com/sharedfiles/filedetails/?id=1320233248;ZHtZAqa9;mBtg05f1;https://steamcommunity.com/sharedfiles/filedetails/?id=2885537960;jAA1v8Lp;FvAwKL5u;https://steamcommunity.com/sharedfiles/filedetails/?id=1588472321;DwCwZCbF;tZYulVpa;https://steamcommunity.com/sharedfiles/filedetails/?id=2004134773;BDNdHYc8;Myfj2Vro;https://steamcommunity.com/sharedfiles/filedetails/?id=2572429796;nxN7bqdi;blAoIWFd;https://steamcommunity.com/sharedfiles/filedetails/?id=1754717543;9qnyrv7M;4CQYOgi6;https://steamcommunity.com/sharedfiles/filedetails/?id=2419962409;kEOVrsgx;fuREW5MS;https://steamcommunity.com/sharedfiles/filedetails/?id=2491276917;;;;;;;;;;;;;;;;;;;;;
Thor;thor;thor;1;2;3;4;5;6;7;8;9;10;11;12;13;14;;;;;;;;;;;fvXpj5cJ;iAQEF5GB;https://steamcommunity.com/sharedfiles/filedetails/?id=2881756568;F9aCBPFB;I2EyQzyX;https://steamcommunity.com/sharedfiles/filedetails/?id=1868080137;eyS0ynoc;Bnaaz0Lf;https://steamcommunity.com/sharedfiles/filedetails/?id=2365887202;dy9mUksa;feF1dQdC;https://steamcommunity.com/sharedfiles/filedetails/?id=2177973379;2E7uesGx;QpkwCebm;https://steamcommunity.com/sharedfiles/filedetails/?id=1745696066;kCn610iX;Fu46JZhu;https://steamcommunity.com/sharedfiles/filedetails/?id=2070137286;2sK34eOj;yp9DGMd0;https://steamcommunity.com/sharedfiles/filedetails/?id=1461421660;1rL6psxy;TKl19wRl;https://steamcommunity.com/sharedfiles/filedetails/?id=1754223331;NlILSLkP;G9TdeLdp;https://steamcommunity.com/sharedfiles/filedetails/?id=1420626581;vHbVStRf;2Wx9FXBO;https://steamcommunity.com/sharedfiles/filedetails/?id=1872177033;bSoKJyVd;pqT22Ypo;https://steamcommunity.com/sharedfiles/filedetails/?id=1778272906;vWxE16Rv;0CslNKr1;https://steamcommunity.com/sharedfiles/filedetails/?id=1753992190;dYxCwHQh;tJNY0gl7;https://steamcommunity.com/sharedfiles/filedetails/?id=1859008982;45s3rauV;AlyJV7yo;https://steamcommunity.com/sharedfiles/filedetails/?id=2823278493;;;;;;;;;;;;;;;;;;;;;;;;;;;
Zelda;zelda;zelda;1;2;3;4;5;6;7;8;9;10;11;12;13;14;15;16;17;18;;;;;;;Y2j5cxjf;jNteiG3A;https://steamcommunity.com/sharedfiles/filedetails/?id=2847625750;QxSPlSJn;Tv332Met;https://steamcommunity.com/sharedfiles/filedetails/?id=958242791;NGRLQiIu;KMDApDGM;https://steamcommunity.com/sharedfiles/filedetails/?id=1583244618;HjYoi5oS;FyAlcYsl;https://steamcommunity.com/sharedfiles/filedetails/?id=1604032104;VjrobTke;ECOUvzDZ;https://steamcommunity.com/sharedfiles/filedetails/?id=1503707200;7mAxG0ml;KHP4dVnl;https://steamcommunity.com/sharedfiles/filedetails/?id=2412983621;QEUPEecm;ihR28Rwa;https://steamcommunity.com/sharedfiles/filedetails/?id=2328671901;3yZchjQZ;RDZwzHjM;https://steamcommunity.com/sharedfiles/filedetails/?id=1628226509;I5uWcNAK;or0rwlxT;https://steamcommunity.com/sharedfiles/filedetails/?id=2451560124;QyUjOMxO;gxlVIXGs;https://steamcommunity.com/sharedfiles/filedetails/?id=2705996397;PsDOEATX;V9zX4kHC;https://steamcommunity.com/sharedfiles/filedetails/?id=2099692457;y1gl8ufu;0CwvuzWh;https://steamcommunity.com/sharedfiles/filedetails/?id=2159009353;eMeG6XFG;BLlm2abP;https://steamcommunity.com/sharedfiles/filedetails/?id=1127317218;rDpz6fZB;ELLYKaO5;https://steamcommunity.com/sharedfiles/filedetails/?id=2815578037;oRJRz79r;b2x2KPrA;https://steamcommunity.com/sharedfiles/filedetails/?id=1727455473;l0CnG63C;wmUYIBra;https://steamcommunity.com/sharedfiles/filedetails/?id=2271440639;uYWPf9OI;DfuZmY7C;https://steamcommunity.com/sharedfiles/filedetails/?id=2941019601;Km5mgKzv;19J9jai1;https://steamcommunity.com/sharedfiles/filedetails/?id=2866220216;;;;;;;;;;;;;;;
