nombresp;nombreng;nombre1;numero1;numero2;numero3;numero4;numero5;numero6;numero7;numero8;numero9;numero10;videomobile1;video1;engine1;videomobile2;video2;engine2;videomobile3;video3;engine3;videomobile4;video4;engine4;videomobile5;video5;engine5;videomobile6;video6;engine6;videomobile7;video7;engine7;videomobile8;video8;engine8;videomobile9;video9;engine9;videomobile10;video10;engine10
Annie Leonhart;Annie Leonhart;annie-leonhart;1;2;3;4;5;6;;;;;https://mega.nz/file/sKcjHQqL#QiG--xCyIlPHQvnPpwfFw2FWhM-XEsbOxRkPbvrCdIg;https://mega.nz/file/NK1EEKiB#WMb4CaaIPvBgcqhZlFnph3x58o-7E8cb4YbeIE_1v9A;https://steamcommunity.com/sharedfiles/filedetails/?id=2891748067;https://mega.nz/file/kbVCACTT#8DXTPh01zbJDDxCJghCRI6qq6niQ0SM5sExSnTpjnIs;https://mega.nz/file/xetWiKzZ#QS9HAZdDNAx7wBk7LJ7nI6JZhYqxCu4ldFxq4_ueHq4;https://steamcommunity.com/sharedfiles/filedetails/?id=2509774032;https://mega.nz/file/pOd3gSAJ#BYHRhmnBIwxOdn_m7ysL7N4H42ZnVIiCh4IH32zLP3Q;https://mega.nz/file/JXUikbgQ#Rpu87XtpwShHXdP0BmhELExwOir-VWdZSxua8-La8VI;https://steamcommunity.com/sharedfiles/filedetails/?id=1897579249;https://mega.nz/file/dCcC1LQS#_sapEJvHaYgpvLnyoCQOicJci-LkCARNdMya1Dw0Tt0;https://mega.nz/file/8CslDCiL#Uk5OHJRr485O2j0D4C4qGmg_VMtCyRbG_vIatN9I4AY;https://steamcommunity.com/sharedfiles/filedetails/?id=2459391469;https://mega.nz/file/oClRXZbA#n3zWbXJaLuS-qKCEgZZQcpVEAEfa6g1FTB-Nt1DTrzo;https://mega.nz/file/wH9UyTST#tWTkTex5rUmAxI8P2DNSEf4ZTVgSNPcBgFbjOPkvdmg;https://steamcommunity.com/sharedfiles/filedetails/?id=2239988413;https://mega.nz/file/Nf93HLJJ#nMCm0RKGuUAPGiTIqqLhhFnqf-899vrbZwD8VtjJ0Eg;https://mega.nz/file/sKNhALAR#XrFbkWjn8TclSAWh9cx2rJFlHgK_JbZtU7oiVWVy6lE;https://steamcommunity.com/sharedfiles/filedetails/?id=2378433168;;;;;;;;;;;;
Armin Arlert;Armin Arlert;armin-arlert;1;2;3;4;5;6;7;8;9;;https://mega.nz/file/Qf1wFBoA#9AavNZkKQ94OQdbvJ45wgu811Jjda6WEUCTIAahlarM;https://mega.nz/file/MXcXwJoR#2sma3LLXzVYrpWTF_XgH2jOJo2XgBrqszyXPMxrNr_Q;https://steamcommunity.com/sharedfiles/filedetails/?id=2465827606;https://mega.nz/file/kHl1jQRT#vvXir-SQy04b4fhyA4VKKoNjT6mZOp1xBy-IrRu4deU;https://mega.nz/file/wa8FhYbT#UdVbeGep8wuu8zpJRYGJ_9ImND8dJ3BryDm70Ca1Gk8;https://steamcommunity.com/sharedfiles/filedetails/?id=2424743509;https://mega.nz/file/oetXFAjQ#ZwKhmltic1YeUv8PJWj7e73iBT_ziejO_qEYEIBL61I;https://mega.nz/file/tSVxwSaY#GNn1py_uZFqwBOHB5tpOu1SpRzB9XJ2-TtOX91Zw6mk;https://steamcommunity.com/sharedfiles/filedetails/?id=2374104837;https://mega.nz/file/hL1nhIrJ#UivHv922uSQ8J7vrkbY4jW2E0UT8qGwehaCClEpT0yY;https://mega.nz/file/UC8GDY4I#eY3sf-kxjvm3MSuJLFqniFf2H7bBXW1U2IXa4N7bUGI;https://steamcommunity.com/sharedfiles/filedetails/?id=2841443347;https://mega.nz/file/obsSUITS#GHZYMnuTJiXVGr93_kt2nSXW9bdhhjfcMP1lDxvn6YU;https://mega.nz/file/cel3nSLR#wYlOd91HpQPhqKxcqZFVGIwQbdmSKCd1xPLFXFGk948;https://steamcommunity.com/sharedfiles/filedetails/?id=2831210290;https://mega.nz/file/kGcClQDC#jnwUMaY5t7FmRbvK1hgkoVL4XHBF6EvXXgB7nRZTAuI;https://mega.nz/file/pHMw1TKD#P7_NhIf3BaXwIf70fxAryNDcMjnJIqpgjy0qnS7C6Cc;https://steamcommunity.com/sharedfiles/filedetails/?id=2366645289;https://mega.nz/file/cHUHzaRa#WMSVSet2Dzzq_738pc9xa-kg8ZKxeL9zKT6CylSHnjs;https://mega.nz/file/5LMTQCZZ#_kVYffRaOgvlLKjvj-I5AmNA2MihzLJUxUtKxZKjuuI;https://steamcommunity.com/sharedfiles/filedetails/?id=2368334149;https://mega.nz/file/BD1wSD7B#hIWoH7Hmy_6Gn0jeLrojjh6U8NCQk7c-kYYdiqrRNDQ;https://mega.nz/file/pOsWSAiZ#_p_WHCkCmZzdPGV_CWtfM7pOQGuC7d-SSul8kD16I9Q;https://steamcommunity.com/sharedfiles/filedetails/?id=2412923878;https://mega.nz/file/UHEhhRAA#uMyCMt8tj8FnjLDEWmH9An4EBKAZpr_uXAdTTubmYjY;https://mega.nz/file/5b0l2ZSA#LIOmAcljaBuxowhALZc35bxxXtFqvu6dQ5qF0T9t0Qo;https://steamcommunity.com/sharedfiles/filedetails/?id=2413233393;;;
Deku;Deku;deku;1;2;3;4;5;6;7;8;9;;https://mega.nz/file/1ftXVQjQ#99kmiE1KxhjW4CjKWLuzP7PUa_Z1220yZaiFXNayowM;https://mega.nz/file/JaNyGDoS#cJr4phwhT8yOlEqQkSRlDimfL1HaOuOQA8b9iFqHUag;https://steamcommunity.com/sharedfiles/filedetails/?id=1540349705;https://mega.nz/file/keNgwIjI#zsZehotPseCMZf3AEUZfvyKFTQ8roL36xcYMFekuW9w;https://mega.nz/file/RCUm0QaC#ynWjwYI1rMRag_AC2xsDK1mrHbpwJrPoIEeTUC13CQ4;https://steamcommunity.com/sharedfiles/filedetails/?id=1911321879;https://mega.nz/file/EG9CALxB#2G4ZKNa06tVMdJp_UhyFLL8qpfMkc5vUNXv6YBgfGsE;https://mega.nz/file/tasCAJZK#-Tu7qlK_TaGphoPBWPqvR1xQzyKjgmEItZA9YAUiv2o;https://steamcommunity.com/sharedfiles/filedetails/?id=2930855045;https://mega.nz/file/YXl2iIRC#ieeAX3CNEMbIddbWwdGWEMWvyF9yNwg-i7I17QBv9_E;https://mega.nz/file/NSllAJDa#8wVZ7ycp0plnqVcyQSa1E88W8epps7Z0D6s5jY5kMLI;https://steamcommunity.com/sharedfiles/filedetails/?id=2805826251;https://mega.nz/file/Abcy1IYB#7qvgbyScmEXSyhiJgQy5qMG98z2RapAElqCwa7sX-uc;https://mega.nz/file/JPM2SChQ#M_VsAIBCjFeF8qJnhNYfaUk3LliSP7kQEVsQAiOZf1Y;https://steamcommunity.com/sharedfiles/filedetails/?id=1917962021;https://mega.nz/file/JK0GzQoD#7RwPTqEcmiVQh4t4Ugw6mtzvujw8qi44Capq3ez5SFI;https://mega.nz/file/YbtyTLaS#3s6h1eQf6VBZyulqIOYXvmtmVpeY1RiQfxXuKtUoN6A;https://steamcommunity.com/sharedfiles/filedetails/?id=1398296394;https://mega.nz/file/RDkiyRRY#etKT9VD-S6GKPDS84GRjFr6j9BF7dvlBD6cjWYrH4vQ;https://mega.nz/file/YaNUHZxY#VPlVUL50cdNoADwbGwYUrvap0dagMp_SJS7JmwnzTlU;https://steamcommunity.com/sharedfiles/filedetails/?id=1429148797;https://mega.nz/file/celEEQzK#ivzUcYESDP8iSFjf4cW3QWtmjxTp10HyL8L_JsSrHb8;https://mega.nz/file/xWsiyC4K#RUCXR_37AAY2-T1kQIehixtcLLLpINhLJ4ocrBI5kSo;https://steamcommunity.com/sharedfiles/filedetails/?id=1247469007;https://mega.nz/file/BHcVQJ5I#_XpPOyjkvXkjZkwdSN_0UQYHfESaFolbfFefwrsk8VU;https://mega.nz/file/Va1n0abT#Tmah0vaqczGcRS0cIYSvqH60UNRkwAKVsiulzX2ZQ3o;https://steamcommunity.com/sharedfiles/filedetails/?id=2277577342;;;
Denki Kaminari;Denki Kaminari;denki-kaminari;1;2;3;4;5;6;7;;;;https://mega.nz/file/kekgDCIB#ZnwY4Yb8x6jY3aO3nyooMmp5HcXDy6o195ZPEyADkwk;https://mega.nz/file/gTVSFIwa#0kkuWNPIoaCVc7iP4e-xGgvx9N8HtvdyYKfppKz9Vno;https://steamcommunity.com/sharedfiles/filedetails/?id=1589311864;https://mega.nz/file/9LswEShD#NysUzs-ofYD_mOJutA9CxfiDwuL94eU4BJdolgAfFns;https://mega.nz/file/BblG3A6J#yVCAi8I3gnmpFmKxC9NE1okelqlZEsrmoFURapmvgGo;https://steamcommunity.com/sharedfiles/filedetails/?id=2313584651;https://mega.nz/file/wGMSEABS#7fsGY72Bkv7YrhJHfBkYaOkOsDw8_64fREHShzAVZcA;https://mega.nz/file/kLt0BLIQ#Llc7S-de0X0Qqj5kS96GXNW6pWutA3GXqtYbP6jghQc;https://steamcommunity.com/sharedfiles/filedetails/?id=1529723429;https://mega.nz/file/ZHcD0B7T#dDQXNkD1mDvdDpL8f6e0fEngUWtc0_B_EfPVUNaMelY;https://mega.nz/file/oOszWLwa#VfRuqqCNhlxq82wAP8z5J8Yad6kDV8X2T5Z5LqPhFGE;https://steamcommunity.com/sharedfiles/filedetails/?id=2206160179;https://mega.nz/file/MaUU0QgS#ph-UtxaKBM09FWBQUc9DLcov5HtLYF7jjAlUhPq7k8g;https://mega.nz/file/IL00xKKA#KTanFFgEb4eniPLQw5-onWdEFi95QwaX1kE2Qvqhxiw;https://steamcommunity.com/sharedfiles/filedetails/?id=1375047641;https://mega.nz/file/8bk1hCLC#r2SwfmNR47iMnXuf6ynffij0nw5rFZp-hf46VcDwVjc;https://mega.nz/file/RSNykZxI#6lwFMZmRpXkD0KapT1Rbr-pfRqloEJzECA_MqRI2DK0;;https://mega.nz/file/0bNCzQYC#MWVJa9XcgzGqVQr99UN_VZln2GceuVw80rZHLnCDYRE;https://mega.nz/file/dKl3nZTa#5On_LjmAmF8Bgj3UHoo7VXMMXbooUlRTv5Hw5ih9C5g;https://steamcommunity.com/sharedfiles/filedetails/?id=2264745331;;;;;;;;;
Erwin Smith;Erwin Smith;erwin-smith;1;2;3;4;5;6;;;;;https://mega.nz/file/ta91mbCC#TiO2MAAyb-MT0hq5u4pNFKy5QjnXdubcmKIqUOuE__E;https://mega.nz/file/IGNT1SrB#8zWAnZM_RA5Edk2-lM8J5kaynOnvHhCkxS4qhS4tOrk;https://steamcommunity.com/sharedfiles/filedetails/?id=1817027389;https://mega.nz/file/gXVDlLwD#1c4j4-gqEoVNk2TKsC4K0oFbBREo_9yk0FJXXgrhRP8;https://mega.nz/file/UGMiESoB#7dE3Lep1P5KGcH6CyEzBlzunnMn6Sc9EJZ6pdKm6Pts;https://steamcommunity.com/sharedfiles/filedetails/?id=2221876493;https://mega.nz/file/cTdiWIjB#7CYkcq65xfR0y52VhHofij7VE8EH0Ys3_U-DhqMJv9A;https://mega.nz/file/kOsigCpD#lSWoM9kiW4cJFtfB8x8_1lK6l-zlUyOv1mbS7RS_Fl8;https://steamcommunity.com/sharedfiles/filedetails/?id=2126524423;https://mega.nz/file/Qe0RVC7S#y1KD6ogdmtnzXdfSwJ739_UbYRicTLmJxehNX9kxrBE;https://mega.nz/file/IC9jmCya#tJMObZ86odAUPS8V7KZH7YwCr9ldLBt2MGPBRDT7Wfw;https://steamcommunity.com/sharedfiles/filedetails/?id=1882192448;https://mega.nz/file/EH1SRaDD#SM3F2AwRpt3L3-tcgseq9sxbC5d51pf12F9Om0TiFwQ;https://mega.nz/file/8bMVyLjY#KUtUDzYkpIRglSyvB7GLdv0cNyL1Zht3OYgV9FDrGG8;https://steamcommunity.com/sharedfiles/filedetails/?id=2630438754;https://mega.nz/file/tDFCUTwL#B38iEAk-WnoXAclbTgdGzz38_uL8Z7OUXDx8fY6-0sE;https://mega.nz/file/Ue0hjDSJ#A31Fk6P0WY91vg1fYXZX5fhwCjcM2mOt9fD4m6HEopQ;https://steamcommunity.com/sharedfiles/filedetails/?id=2579495712;;;;;;;;;;;;
Fumikage Tokoyami;Fumikage Tokoyami;fumikage;1;2;3;4;5;6;;;;;https://mega.nz/file/IG8QXJpb#FhNmRX25b1BiJrw_4Lm6NMcL0YLxSNT_thW4fJWoUjk;https://mega.nz/file/9bkRyAza#R9V_Au-A4q0N-28opBOEfWzpdVD7LzHejp9_YXYdiWs;https://steamcommunity.com/sharedfiles/filedetails/?id=2976004123;https://mega.nz/file/UL83nCKS#oMwnbaOUb3Umm65w3UcrntJPRJMEmHe77H_1fiQ62nA;https://mega.nz/file/FC0mkQKL#iDpLAvKKKwIXGoQ5hNBH_oRBAZ4LTNaZRNXxVGioooU;https://steamcommunity.com/sharedfiles/filedetails/?id=2930567390;https://mega.nz/file/lGUHGQpA#DC-lPkoieLDi5uAhZU__pSQt2WAv5foftXMuEFlinn4;https://mega.nz/file/EW03iJja#S5fOX1niaYKmG1NMZ_gbLKL7kg0F2CEg7Umo_yZ5g34;https://steamcommunity.com/sharedfiles/filedetails/?id=1260296046;https://mega.nz/file/hWFHQZZb#FMdH5gi5V6AVvQTW6BKvOzACcXzbGkMb2E_45Kr12Lc;https://mega.nz/file/gaFDhIzY#c0hBzwLX_mMJhbFgVAQbIhGuB_ec-19X0n4dCqYyJjs;https://steamcommunity.com/sharedfiles/filedetails/?id=1667583524;https://mega.nz/file/gCcDiLiK#E1V_CBTMhab3DaswiHcRhZzPh_eDz17H8g98DV3qRwM;https://mega.nz/file/YbdhTZyI#rlIkU7o1tlKePleTIHmSabkKW7My8eo2jY03VjeuUB4;https://steamcommunity.com/sharedfiles/filedetails/?id=1395686755;https://mega.nz/file/VPFQ1KTY#Sd9NZ4sX9-ho2tUW_Tx-OsRr1DW-tji28yuaJl7XD2o;https://mega.nz/file/ATklWbSS#9cWIkmgdipyluaeCcsrBdYYisl0ae9Q6jfAjTOlFJ-g;https://steamcommunity.com/sharedfiles/filedetails/?id=2459142208;;;;;;;;;;;;
Suguru Geto;Suguru Geto;geto-suguru;1;2;3;4;5;6;7;;;;https://mega.nz/file/NSEDlTqR#a5F6zH4ipwjj03GwC5f2ONMBwgcC8RQDCbcQnHJciCs;https://mega.nz/file/ZLkTBAjA#oB7CNbprcU1YGKQn1aA4xKn9QG1Gwrb614-HXmBrjLs;https://steamcommunity.com/sharedfiles/filedetails/?id=2952803540;https://mega.nz/file/ILEwHTQK#p6WOm0ffTMVc8uRDJL5rbfxrvZh6JK89XfT76pGMvrQ;https://mega.nz/file/hW0WWbBD#e7MHDAblizwn7j1F1ls8L6f4zCfecWuVBVrzULq9A4o;https://steamcommunity.com/sharedfiles/filedetails/?id=2814018675;https://mega.nz/file/YfUEmL6I#UmINIs3MAItV1LN2rfuncy7SoXMw3KU9m7SDLUhpQIU;https://mega.nz/file/wXtR1JhJ#y-6stgT0a8FhJWOP6vXJ-Od5wa3DF4Ecfh1FRUpsIk0;https://steamcommunity.com/sharedfiles/filedetails/?id=2811709043;https://mega.nz/file/tKtCzbTB#_saWVuu7bR1CrJ6jXBMSevQIpHdyeHV8KorVGvKRu3k;https://mega.nz/file/JSMSSQRC#vqwRTV9-maZOAxinIBqcIXAfnRr3UHnedG-K_SwlsDM;https://steamcommunity.com/sharedfiles/filedetails/?id=2815252413;https://mega.nz/file/JDMGGDZB#HZ7UYtviXDR9s0oiAx1W-euI0O9O-Cnj5vXdkruxTmQ;https://mega.nz/file/Iasz2YzR#tY4pFoqtZ1vxEwmE6vwjPa9zmgLCxCnO0HQDnzUjQ6M;https://steamcommunity.com/sharedfiles/filedetails/?id=2815252413;https://mega.nz/file/ca8mhSLJ#CJzNrTITxkSuhMD3YR95YKxpqx0Qcf3IhII0JbJvzQ8;https://mega.nz/file/oKslhRbA#Ql98aPd4Fj4AbdcMTdgYRhJw5Gl_-4GEYcrLukalzWU;https://steamcommunity.com/sharedfiles/filedetails/?id=2843012724;https://mega.nz/file/UGlUTQpT#bipdKRgBgfIoO0F67LW7FVZeKhbimKQDlJlrpGdiROM;https://mega.nz/file/oDlDlLJY#0PRArYHn5vBfgur7u6UqEryrZfncA_wUGJtyykb_D4k;https://steamcommunity.com/sharedfiles/filedetails/?id=2425280237;;;;;;;;;
Hange Zoe;Hange Zoe;hange-zoe;1;2;3;4;5;6;;;;;https://mega.nz/file/UKdFzLaS#pV5BgwUCk8U3sGLQ-gBty_XQoaTYkyf6QGayz4lbB5k;https://mega.nz/file/BTdDUQhD#-I-TiLNSta_T1d-uoM-uD8JaXc4fmnnhrOtoWBgtF7Y;https://steamcommunity.com/sharedfiles/filedetails/?id=2381132333;https://mega.nz/file/xbtA1aRD#RHdVQ9KB0K8ysHL_PzC4HlX65NhZtRh-UBPOOCK3A6w;https://mega.nz/file/xbdghYQa#uI3lePz6KefG97ICjASQIKEme3u6vOKqfs04ahwGziM;https://steamcommunity.com/sharedfiles/filedetails/?id=2794909760;https://mega.nz/file/gTF1CRaS#4qQvJl6lMbkAj86gJOXAIoDgI3lV9EElixyu1ND-sFU;https://mega.nz/file/wXdBwCBI#oqwsxQAD98qQS_YcBFjQ_ScztHVmAZbydVqn0GCnop8;https://steamcommunity.com/sharedfiles/filedetails/?id=2371396513;https://mega.nz/file/YOdyADAZ#zkthsH0Tp0ejCdLLST2DqEK2OsHQgXp5a8bHybTnHoE;https://mega.nz/file/IH8w0aIR#uFJfoP23_D_QnsDFCQfo1xUoMjFfxtXrtHSsBrXBTtE;https://steamcommunity.com/sharedfiles/filedetails/?id=2947053903;https://mega.nz/file/FDtilJIC#akdH7vgHjRAvwGJOp2lLKm-8gI9jhKEVNlrqGSyOUFQ;https://mega.nz/file/gC1BEZ5A#gU2XDjQWLKMnZUImwDmBPQhizG1IdEm3HByM56toPtI;https://steamcommunity.com/sharedfiles/filedetails/?id=2760739671;https://mega.nz/file/9SE2TBpJ#4wDS636uLMw_IbOlBsNy1-UcbM5w0aVjcsZdtpeDO4s;https://mega.nz/file/ga9mxKqS#rPCjUFSwVQ8alTOVIOGLkwx52_tkFT24v-e9J6kywAs;https://steamcommunity.com/sharedfiles/filedetails/?id=2360765055;;;;;;;;;;;;
Toge Inumaki ;Toge Inumaki ;inumaki-toge;1;2;3;4;5;6;7;;;;https://mega.nz/file/ALExCLiS#EPbqENljXwpb-POuhhUBlGjciPvx_tvZeHCL1dURntY;https://mega.nz/file/5OdGhAYD#dyGDi1sDHoLj9hUBwnLTxyTVnuGRxK1cf6_ZVgtPcrk;https://steamcommunity.com/sharedfiles/filedetails/?id=2325500479;https://mega.nz/file/IHlSzBrB#KTNcWICK2GXqwXlZweHATRxn3KiWvgudflP_ACcIAko;https://mega.nz/file/wCEVDKRR#NoFIfh0xx-VSulAiMFJzNM5dNCI43HtDr6vMhKlYhSc;https://steamcommunity.com/sharedfiles/filedetails/?id=2879658800;https://mega.nz/file/5TUgGDaY#8tgM1lTYbL0eZg06TZnpYrJZP3zL1IqzhFzhPFG91mo;https://mega.nz/file/Aelzib4T#TM_6xTWXbNntCnHBibr4pBNqEBSdMjOtTJY3BYTfqwI;https://steamcommunity.com/sharedfiles/filedetails/?id=2450356812;https://mega.nz/file/oX9mkIbb#uCAlgLIsaiPw-ELDMxa0AW38yvHjVOmmCHzmnFZlcS0;https://mega.nz/file/dGFTwaSS#HpCeimqUDRAS0F_Q3rEWb28MJnUqapu6srPTFcI2ZCQ;https://steamcommunity.com/sharedfiles/filedetails/?id=2469748110;https://mega.nz/file/Qe0j1YAD#f3u4QJBKUrLCZ37AAfYGh2kmsWYGPBG62Y5TzIUH1GE;https://mega.nz/file/pG0Akb5S#nIRJ9vywNPMOG1bp7z6_6K4xGNMxa0E9v376teyvegk;https://steamcommunity.com/sharedfiles/filedetails/?id=2791749882;https://mega.nz/file/8DkFwIRL#yuL_oA61KP0tgzC_YQlQkyt1T9YlCbNicOGI_D5gXLY;https://mega.nz/file/Ub1R1QIJ#e5irD7hteImDUjn6sGPiZ8hMrZfGdUX6rchJFCRQKkE;https://steamcommunity.com/sharedfiles/filedetails/?id=2589425911;https://mega.nz/file/UWUUFbBL#hO45kR2VHn2hniYsgjlm05Qhe4Dzka9hg0xJSHJlDnU;https://mega.nz/file/UGkDATZY#wE09lpyXQHsADNhsR__J1wliuy2-69yP1yE9-9y-kbo;https://steamcommunity.com/sharedfiles/filedetails/?id=2777378355;;;;;;;;;
Kento Nanami;Kento Nanami;kento-nanami;1;2;3;4;5;6;7;8;9;10;https://mega.nz/file/YCtmRaga#cs4HrSi0H2uqZrtfcQKsFx7lSkisdzDWMslNvvOknzw;https://mega.nz/file/8DEGiTSJ#56QDrRFAOqJ0xOJ7Do8FO9BvkwNLZOAJ2jQPtTSJ9Mc;https://steamcommunity.com/sharedfiles/filedetails/?id=2413957108;https://mega.nz/file/5blBgI7K#8gAi0GBWfgy2IvUtN9sqg2eXIthBkXUcNBomghRgJpE;https://mega.nz/file/IfcAmRrK#UbriPQErrXFJBBXx-E0Aol4Mop3pABY42bAEb7Wjdw0;https://steamcommunity.com/sharedfiles/filedetails/?id=2468217689;https://mega.nz/file/kLdk0b7J#fCv4Ug48PjZ4D9wbnyTTJc7ZC-pcINwqn1kwbRPqZYE;https://mega.nz/file/cL8n1IAZ#ARONtBwYGM6nb7tPm3qVC5U2ycB1dQ4O9qYDsLeRC-8;https://steamcommunity.com/sharedfiles/filedetails/?id=3004810095;https://mega.nz/file/1OEG2TyZ#mCXk7jHVcmyalKQJk0ZCLgXFtPmErzzKNmOeanJtktY;https://mega.nz/file/4WMHxLbK#GZkCNyCMrevHNYpbjAZjf2zlvyFQ-MhyUC_jlVBcT2Y;https://steamcommunity.com/sharedfiles/filedetails/?id=2747310582;https://mega.nz/file/VCUhEBzD#vf_vPo-86G1B7Zc5kjdm9Nlion1zOzwg7G6X4CjeJtg;https://mega.nz/file/lfU3ETgK#Qm8KHeVYOUa3CZv9woaB_oJ7j6XTMujVDNkJNbnJGaM;https://steamcommunity.com/sharedfiles/filedetails/?id=2477368261;https://mega.nz/file/1W0yHAwT#a10M6GPvm8x3YNbrBykWQRPE4ejSY5ZW_1zunMYflyw;https://mega.nz/file/pWNnTBCY#q1keJR1g0QLNLMyuQynQiVLJcF3bDNjiIZhj98_gGFw;https://steamcommunity.com/sharedfiles/filedetails/?id=2428605890;https://mega.nz/file/lTckkTQK#BfADlK3L0QlTb23P-ZKIS4RJmJaV9hZmU-EvXGoYdtU;https://mega.nz/file/RWVlVCyR#ciTsTNgsniOLbOGwpD5lcqTIPwxck4BuZ13lGqM6PIQ;https://steamcommunity.com/sharedfiles/filedetails/?id=2785097842;https://mega.nz/file/1LVREQgL#DgpuGGDFZXP-jLFIuDrE-wPnxAaL5RWDDiQKUbp2QRc;https://mega.nz/file/QPtglAJQ#B7xuNLloQ3xcS8yIRJ0OXe1ykT2h7tx_mxgrd5FQwK0;https://steamcommunity.com/sharedfiles/filedetails/?id=2815237356;https://mega.nz/file/kW0HTBrQ#UBElrKHJIrRqMo1vVD56eLznhVA-b5XofSiRalBhPnI;https://mega.nz/file/oTNUQCaK#AUoJ4oyFRQIQ3ev6Z1OqlTtciy3BKRiYVVUAOhsxe9I;https://steamcommunity.com/sharedfiles/filedetails/?id=2609636033;https://mega.nz/file/VHcXBa5T#TD9xYaY1Lb6ACxaaNisG-tVBG2gvHfwwQqXtsLTEI3M;https://mega.nz/file/xDsRlYyY#jdHZfXUSduoTlVSyob1FTVYkFi8b65wAjU-XlS3xTSw;https://steamcommunity.com/sharedfiles/filedetails/?id=2872977352
Eijiro Kirishima;Eijiro Kirishima;kirishima;1;2;3;4;5;;;;;;https://mega.nz/file/0TUEmDiZ#3_Z_i6-Arux5x7jjwjMja6WCkfcsGSxk10g1ktOp3wU;https://mega.nz/file/kW02EIgR#J5hIHmLAwIDzMh_3eHIb5vBLlJxStINem2L1pwioVOs;https://steamcommunity.com/sharedfiles/filedetails/?id=1444299194;https://mega.nz/file/QDdlCbob#pb6Lito1KfkSrA69PRvvU-7j_lYB0TsP-TIAC9Ce05c;https://mega.nz/file/lW0AlZYC#BC3f-XHKrYunxUZFv8AIhaioS01ypQYlY68mbJmJAJk;https://steamcommunity.com/sharedfiles/filedetails/?id=2274560515;https://mega.nz/file/9SkgmTpA#sHe6nkZkV3xj4bCrJyVuxDnxkamXVQWO9vqf7XjRDvk;https://mega.nz/file/xH002Q6b#MaeW8zInwl3kTSzuxHCeEZXDNAJ5ISMFSmWbcXwuE9o;https://steamcommunity.com/sharedfiles/filedetails/?id=1991618529;https://mega.nz/file/9bkFBACZ#Z0r2r_7FP3URszwacuuSYSBb2ysa2G9WxvPLW9wxBgs;https://mega.nz/file/cbVGSRjC#lgz68fi1vto7qrjKNR2QLtfQbeFq3qqMwp8x901H4S8;https://steamcommunity.com/sharedfiles/filedetails/?id=1449393134;https://mega.nz/file/UbtjwB4S#ECPEyR2RaliEJkMP0SBul9B9ewSbJeqQM7M-FUDCSWs;https://mega.nz/file/xS9g0DRC#tATN9Y2qBYujeINx3ITb51vywMjH77pnmBugwgT4Cw8;https://steamcommunity.com/sharedfiles/filedetails/?id=1993392576;;;;;;;;;;;;;;;
Nobara Kugisaki ;Nobara Kugisaki ;kugisaki-nobara;1;2;3;4;5;6;7;8;9;10;https://mega.nz/file/pW9GRRLb#a8gNdJOYUJAv3pVpO5vFKbuOry4lesADeA68X4x3nSk;https://mega.nz/file/QD8gXJSa#Nfc_vWZO5-3tPxm1pAG3RJbBFvg00NSQ_zjCDyMyrUQ;https://steamcommunity.com/sharedfiles/filedetails/?id=2932599926;https://mega.nz/file/pOcBzA5B#Rw9FyOLJ2qf6rb-pAGUwi_TxsUcgTdMnE5bnQ7ufB2I;https://mega.nz/file/gSNnjb6J#liEr2fEq-cLS1GXOGCFyXfHSsw4RffInzfQhilBHrdw;https://steamcommunity.com/sharedfiles/filedetails/?id=2880846468;https://mega.nz/file/lH8SHI4Z#gg6ByEXu9S8OUAkYTDx0o7epPsJIKB6z1cgUPVDQJrI;https://mega.nz/file/ZTlTiCTT#LDSPrWI_BwzqtO4GEOPYkeLUUZXsDRNScF7ARJfsens;https://steamcommunity.com/sharedfiles/filedetails/?id=2626657248;https://mega.nz/file/9fNXAQQC#p6ojlIZyETzbW4GM_ktRD8hLDFj7EuY6gLw6QuUH0Js;https://mega.nz/file/UX1UFDCT#ToAFZw338cPjvcHpRxDim_Qz-JuOSrJAYH9XYggxsnI;https://steamcommunity.com/sharedfiles/filedetails/?id=2544317076;https://mega.nz/file/VPEmkRLA#DfEKQKj4BB0yRPssCNpr35Ivkg7YgKXAYRoVGZHqKJY;https://mega.nz/file/wec0wbRb#JZcBK2KQU6J7bMCl5vEmsscZCB3W62_gE1AEgOkwZhU;https://steamcommunity.com/sharedfiles/filedetails/?id=2474270065;https://mega.nz/file/8DtEDRRB#zVOtEvdNqkV0KvzdEr8a-gVY5my6RJQa9y1A6u2rVyA;https://mega.nz/file/9TtRmJIR#Vj21DOgaa3r2odaKQf3pSEaFTUlFgiHYCGK-XIZBnrY;https://steamcommunity.com/sharedfiles/filedetails/?id=2570181603;https://mega.nz/file/0D9EUIwJ#oYqBUo_Sa1sr1XDPVwGHZCPb5pte0WIS7B0H7xa9ve8;https://mega.nz/file/4KdSXbBR#5K4yndk3FtdZL4B10hRU7NMHMyG4V2wqAyDsG39lA9A;https://steamcommunity.com/sharedfiles/filedetails/?id=2441866097;https://mega.nz/file/8akAUY7C#4MBxQ_3W4XJM2RhP1WC5fiWOMh6ia0h9C7DwDwRKaU8;https://mega.nz/file/4X9Q2BhY#nXkHQ3zgqRGC-I7MGd0k2dq5VcV_FLtqKwbtwutzwuQ;https://steamcommunity.com/sharedfiles/filedetails/?id=2960120898;https://mega.nz/file/8T1A3QTA#_ZR9v9N9ZQQkXpc0mLrrsDVErIuWJGdg2HPymkdbORo;https://mega.nz/file/xLdRFB6Z#o8aFKstAvCP9lforG-50VzbNlx5Hve7j9KSGXnNkunE;https://steamcommunity.com/sharedfiles/filedetails/?id=2468346417;https://mega.nz/file/dKk0HDQB#LsmvsobURq0wypZVwdV78cdua1Zv41GX6yweaLzrtz8;https://mega.nz/file/tXN1ECaS#oPj3tc7ybH7Ccd9ZILWoIDQlEu8lUzZA5D4NL9BJy8Y;https://steamcommunity.com/sharedfiles/filedetails/?id=2566259946
Loid Forger;Loid Forger;loid-forger;1;2;3;4;5;6;7;8;;;https://mega.nz/file/MSszmCpL#cDpb2qnD988DEOXkyzo5PuY4wbwG8ohunVO-Jsx3QZU;https://mega.nz/file/QakWQK7T#jwtfGCeChUjdUT1s239wsb1OQMQbGYqFLjGhktZnpn4;https://steamcommunity.com/sharedfiles/filedetails/?id=2901882331;https://mega.nz/file/Ee0D2I5R#3f-VKzwmBTl5PETb5eObbgfCg9qNMdwZehGDEHaWcAE;https://mega.nz/file/ACdyRYhC#ri9_cdNBtcOOLHXUJyNP5L1jfRU5kKnycqJL6zc012I;https://steamcommunity.com/sharedfiles/filedetails/?id=2849381734;https://mega.nz/file/sesHBSDI#gTNpp1JqmbPHhLVNNF-UOSqh79HypMLb1TG1ai8Nr6Y;https://mega.nz/file/oSUnSLrY#4dV6OxnQyVLKuaWPZjPW4kaBomyErMqm1tLFrqclBHo;https://steamcommunity.com/sharedfiles/filedetails/?id=2802943526;https://mega.nz/file/obcHlCzY#HuTJfqtVNEzTJILCRcrmoQsP81wbpOPGl1hPAFQzs7M;https://mega.nz/file/MfUHDQDZ#SVxljlX7KvDqLuzDz_LZgqvQWS51Zu7PlXotpB8qJKI;https://steamcommunity.com/sharedfiles/filedetails/?id=2800040595;https://mega.nz/file/0L0jxKQB#8aBoBOTqvo5Y1XB5p_8X0JgQCOSyO-P6ZZeKJzvV8tg;https://mega.nz/file/EGsyXIDI#8DrWAtci1hCDUvrwYjiNEzeODgu0qM8PzaNE8lsv1fk;https://steamcommunity.com/sharedfiles/filedetails/?id=2813186211;https://mega.nz/file/IHdhQQhS#P5MiG6GqRovxY18kCCZ10cWSu--wEv-5ShghXqdRZlM;https://mega.nz/file/dD0kgAaQ#bYqzzwpy2Yb8MGwDz4JqfEmMuKQkeyJP1kfxJrB5FKA;https://steamcommunity.com/sharedfiles/filedetails/?id=2914232776;https://mega.nz/file/dSEAiTYT#cMZNsgQ8nYQP5-dOPiKPuUaB432ILS78MKlBr3ZWa4M;https://mega.nz/file/cKVCQSRL#yPbpaodztB-LLIOGJ5wFOn9dESuFpP0uuUJFtxH4GFY;;https://mega.nz/file/gCcCxLBY#JfBzJXU_YJwO0ssLfoZ3kUKhkz5ptTfcOFK1dQDBM-s;https://mega.nz/file/VXkRlDhT#9Xb6VjlOGtIfFLGY75u3ABVFkeYkJUJVHuocRSA2reM;;;;;;;
Mahito;Mahito;mahito;1;2;3;4;5;6;7;8;9;10;https://mega.nz/file/wbkSHQBB#o7n63BVFgZCWWPwv1UdZZW1WizgYomUd03X03QMwSCo;https://mega.nz/file/pCsVTDhD#FJRC7YJXHxwKmpNyLxye3V9QrzTxQZJtjKCiOG6Rt38;https://steamcommunity.com/sharedfiles/filedetails/?id=2356677267;https://mega.nz/file/saViAQiY#_VPG_xX-s_1vCKRrM84yO2ZTFWCU-ChdT8cA4jaN0PE;https://mega.nz/file/tLVRnQAJ#z50QVT7h05jbT5ELZ13gSpRJa9hTXOBg6BXR2H0Idqk;https://steamcommunity.com/sharedfiles/filedetails/?id=2669083171;https://mega.nz/file/dKd0Wa6C#CSoGzsbGxhpo9_mjE-2AeVYsLweRGmyAdKxCUZxGhiA;https://mega.nz/file/dGUxCRzZ#5ZG336F-HGokmzwrWMjLBHofYlle9w-yfvr36DEchEg;https://steamcommunity.com/sharedfiles/filedetails/?id=2666820090;https://mega.nz/file/lW1wHbxK#VyU_dPMcN_tqs_xVMbQqYdtwB4cMIf1pkEs2sA5qqhA;https://mega.nz/file/xa91iRzQ#OhGvg5PlGR6G4BRAgER6W2bzaogxLAtoz8iij6WBPvc;https://steamcommunity.com/sharedfiles/filedetails/?id=2793909439;https://mega.nz/file/1aNEUSDa#GXhoFRACbv2kLjsDrPgbYYKGaFc0X7w2f6q3hTKjDz8;https://mega.nz/file/gWMGHKqb#GQweiuqXFrEVo-j-JiuO9MiG7ehRxY5kpEjkCZgqyes;https://steamcommunity.com/sharedfiles/filedetails/?id=2434423306;https://mega.nz/file/8Ts33CAJ#cm5otKVHvdb8WuvTVOMXVp2mdxVOYREs7eJGi5Mx48Y;https://mega.nz/file/MaMmmI6Z#7Lf_vUpqlxZG7IbxIWCXnXRqICb3Yrm_5kErgbl0P6c;https://steamcommunity.com/sharedfiles/filedetails/?id=2661483840;https://mega.nz/file/lH0XVZzS#DzCiB0mm8bsRd3hNJrtD_jaMomljS_fhqpjF6JxyZeo;https://mega.nz/file/9eUkSB4B#62pmKNUNDDptQhKS7e-YGS_8Vyi53CRsg027ZcFrW0c;https://steamcommunity.com/sharedfiles/filedetails/?id=2661483840;https://mega.nz/file/lDMQxTza#OmOzPF41xTzK2dv8w4DixO1sKQdu5assB-RnBJ_J9tU;https://mega.nz/file/MTVgUIoB#zbDC8hZy1G-vT6KNnY-lQbQCjo3Y3bv7qAnpQdZ3jZE;https://steamcommunity.com/sharedfiles/filedetails/?id=2661483270;https://mega.nz/file/tWNFTBbA#TQMVsZEp5hoPqHYGRKFfiz2R2UovlYXjSCkdu2sWTGw;https://mega.nz/file/pCMWSI7A#1miXOOHnVnN2BXqFFK_OmU57CjnsAa9Pax_5FRYy6NQ;https://steamcommunity.com/sharedfiles/filedetails/?id=2543697098;https://mega.nz/file/NP83GRoK#dRvu_Y4UCZcl29QuQLiILRWkqHIwS1UN9Blh3S_RCYs;https://mega.nz/file/0C8xGDyC#_X75brDLf8DRuckyIPaviA3wQAU93_CNLxZchphLUD0;https://steamcommunity.com/sharedfiles/filedetails/?id=2661485278
Mai Zenin;Mai Zenin;mai-zenin;1;2;;;;;;;;;https://mega.nz/file/tCMWXDKD#t7ZG_DSFi4mnT_i9b0q5zVF4vfXxlOcxK03OaXr0SjE;https://mega.nz/file/oeEkESzD#NZJHXhe1f6qPwSFP_E2ondyVG3M0LAGFz-nuxx7miqU;;https://mega.nz/file/QadRRa6D#vU7SeRwk18w-BAIfczQ_x8jAOE3c6Oenz1mwx2Fny8E;https://mega.nz/file/JHlBgJyD#c0xCW2djNS6NsO7cW6H7xvmNMEWbOHXlIqOWzgKmfTc;https://steamcommunity.com/sharedfiles/filedetails/?id=2355950582;;;;;;;;;;;;;;;;;;;;;;;;
Maki Zenin;Maki Zenin;maki-zenin;1;2;3;4;5;6;7;8;9;10;https://mega.nz/file/FO0BgDBJ#hzJskiVxtTatkGJZXmg786fqoXNMwp1sc995mmhzVGQ;https://mega.nz/file/4SM1iRgC#QTzuv37jzzlH8LVOFg2DHZeslraglrniGuXQiU3efIY;https://steamcommunity.com/sharedfiles/filedetails/?id=2876433057;https://mega.nz/file/9bl2DJgT#MrcVZm0HDXB_lmf37c-55k9EBPqsDf9taBhpXEaz2yo;https://mega.nz/file/1bMDnBib#bIexOluW4wEGeXoXtCSD1sMcR5AT4waxotQxjDHgum4;;https://mega.nz/file/ZH1HjCYK#5BU7iX4ETz57pAXKVZ8EFD4C_eWkkObD527bCws5SRU;https://mega.nz/file/9GsRyb5Q#KcaGwvCF7T3vmUfdTH4JLb3MACfR8P7s7Qn3LEIZoQE;https://steamcommunity.com/sharedfiles/filedetails/?id=2683302436;https://mega.nz/file/Zb8UVRxC#O22_4lh9N5mIBbIr3VMjZ5dk1NoHgXgwaeskpR8iDF4;https://mega.nz/file/ZHFR2T7C#Mw4Xo6V9YpXTjuPgH603Ibp0K3kwCzRSrLs4gHWoepM;https://steamcommunity.com/sharedfiles/filedetails/?id=2628893965;https://mega.nz/file/xe1QFRZA#q6qBDGErSyf_S01kv5zkIvVWYODrn7xDyJwTpofxiwc;https://mega.nz/file/0PNSAAbC#dfrM3qbywZ-mxgiict9ipfhYfs8FPb1VWsHeCzTbhbA;https://steamcommunity.com/sharedfiles/filedetails/?id=2860261362;https://mega.nz/file/peMnXRCS#J4878wBw0t1vE1Ot02J4-qMF3p0e6dRrK-yvuqqEtKQ;https://mega.nz/file/IHcy3Axa#jDJvlIibrhb9wcWZMZMM5YQZtjj8Gxf2_AEk60YsXrA;https://steamcommunity.com/sharedfiles/filedetails/?id=2520112286;https://mega.nz/file/dPtmhaAA#Ru8mWdjFQQOF5QNJPwuHeIAq9mclHenO7RujYx9ecxE;https://mega.nz/file/MHc20b5I#gxwiEqxkEyQbbwY1e5rV0GIoH-lrvswXwq3576uh2gs;https://steamcommunity.com/sharedfiles/filedetails/?id=2519846921;https://mega.nz/file/AG1SEaZR#9wVfLLGPQ4ysujo65MWk7jL9GBKDvvoQHS_iqqY95yE;https://mega.nz/file/5esTjAzT#37EuTJCK1OkCag4hyqOvxzl0i_wuo8OIL1WajyWUFhs;https://steamcommunity.com/sharedfiles/filedetails/?id=2478040459;https://mega.nz/file/QaUCXDyI#zMJ--wczqS6sg09xQ9vxHDHJyJLe02p2U86deX2Hf3c;https://mega.nz/file/lS0SVI5I#RkgD-lP-8EFQtDlTAJdJP4z3uwD6w4LQbJAcEqubu9c;;https://mega.nz/file/oPcHHK5S#2-ZCbK4ZsLv-GdpuSGzNeVojzPogJu8yWTICihq6Nlg;https://mega.nz/file/1HdxDRLL#qVL-kpJGYJcMgqtprudVL9-TekO6D1qMnvDbWx5bOlY;
Megumi Fushiguro;Megumi Fushiguro;megumi-fushiguro;1;2;3;4;5;6;7;8;9;10;https://mega.nz/file/xWMygShJ#owOhMSP5SQ7MKLLEyxGRqq3gPtt-gwE-JOlZGUkZ9mg;https://mega.nz/file/VH9lABLY#I-YgcqAz37Seo08hSjGjC5T0Col8CfsdIIuFse8TKKk;https://steamcommunity.com/sharedfiles/filedetails/?id=2523010459;https://mega.nz/file/AGdTmQ6D#FQnCcP3Q6fxMRf10qLZ9jVHSnT_fiyFwkd7wBY7KXlg;https://mega.nz/file/AX8AlYzZ#nLbcjToZSXeUwDsZ2I4J2fbpIhXJpxvhZpW4kZ5kR74;https://steamcommunity.com/sharedfiles/filedetails/?id=2788623676;https://mega.nz/file/QKEEHKxT#77KhBPfHSFLJ-0SIUAUwI0xSCITWX-Ux5EBMcjdHlok;https://mega.nz/file/YWkX0KAD#3lNTmcsZYREkjHPpK4Su34vx6nNutMQP5j0j0XuZHoA;https://steamcommunity.com/sharedfiles/filedetails/?id=2421483832;https://mega.nz/file/4ekBzYBa#JAH2iQOrr_xii0K51uMPW3_YNnQyVHeXTXvuKQu57KM;https://mega.nz/file/AWkmVL6S#COmsovr_iOxgve9AXMtwk3YR0WTxHy2OJY5qRdvySOk;https://steamcommunity.com/sharedfiles/filedetails/?id=2625257493;https://mega.nz/file/9GVUSTwS#Ms-iFs73mjHQj0IplbwXllnugCx7eptFnYjSGJPE9vY;https://mega.nz/file/BaUlCLIK#4oeTn_6HX4cSeGkmUpCoYDjXq3OMd3H5kDX8sICiwso;https://steamcommunity.com/sharedfiles/filedetails/?id=2601272497;https://mega.nz/file/Ba93VByY#RX999NLTe9RliYlQkFZa-Tu9EjCwlnLcLth0lj-Hvmg;https://mega.nz/file/IOlkwa6A#nYicuLxrfoElCD4kUcygBG0ks4dcoCVgcDFnaDWuANM;https://steamcommunity.com/sharedfiles/filedetails/?id=2420052471;https://mega.nz/file/MScUlI4D#lrdu9ApN954NexVd3LauTjv10it5McJAAkqlbnmozK4;https://mega.nz/file/tPdXWYTB#695ipsNjS2y9p9Gu_WoVq6Kp0ZOh5hJPAOh1EhxZsDQ;https://steamcommunity.com/sharedfiles/filedetails/?id=2549251898;https://mega.nz/file/gXVQnJrI#w9ygib880WOEfUCiL5Str_R7oYGGU6prbEfg51-1hEU;https://mega.nz/file/UONm2ZBT#-K16Xmw8I5dwzq-8_DgYBJQr9WIgyZ8B6ILA1_3WNLY;https://steamcommunity.com/sharedfiles/filedetails/?id=2434161204;https://mega.nz/file/cbEVXASC#u2Ic49G_mAYH-KYUBeToUF3AUqMNn_JzwdXuVlTIvXs;https://mega.nz/file/AXk3nYBB#3_4t7Q41LHvUivjW8wTgKqBml6r_0Y_fDbimg59Zg_U;https://steamcommunity.com/sharedfiles/filedetails/?id=2454254046;https://mega.nz/file/MacnkDYI#ZktESu7qSgYaWm60jHPOv8sENx--E-OOslx1PUNKHwU;https://mega.nz/file/0SUBlLyI#mPa9qRpTmMTN5LzUY4VycHy6V4VblfRgRH1ux7Kqmmg;https://steamcommunity.com/sharedfiles/filedetails/?id=2446231379
Mei Hatsume;Mei Hatsume;me-hatsume;1;2;3;4;;;;;;;https://mega.nz/file/VG8XwSiL#IUevh_s6Mrboy68u-dSNIAXp-Lst9bujYkPoxEVPBJs;https://mega.nz/file/tPkAHZha#v56-O85iPOZdUEUSBi2PqJfSwRv9P5A5MRuj-PQy67Y;https://steamcommunity.com/sharedfiles/filedetails/?id=2359725967;https://mega.nz/file/8a1xgC7Y#47qml2U5bMaDFH-gRfwTxIeBXcYOaMCkexu7BxHdOaM;https://mega.nz/file/MKNznKDB#IdHxTysDN4JsbTRd-zGjmAFhcgECiNJCdxtPAz1Dsjg;https://steamcommunity.com/sharedfiles/filedetails/?id=1422992839;https://mega.nz/file/IGky2AJA#jxi7la55VpbOTw-hvzh3-nNQOEVoL-RWpNklenb4e6M;https://mega.nz/file/0GVFEQoJ#4DGie9oaCAicIXSSl-kgGSBLpP-nK58K1vIZIOQ3n4s;https://steamcommunity.com/sharedfiles/filedetails/?id=1443985805;https://mega.nz/file/dGMDnZTZ#dnHGmN0ZhwEJVvRD_Lxvwem_zjFgm16SnY3yOEICpz4;https://mega.nz/file/AalzyLAT#Qq-1aTN7Ox5afTepXegc_mukbBvZ6xtMNq4Ufxt7BU8;https://steamcommunity.com/sharedfiles/filedetails/?id=2394705455;;;;;;;;;;;;;;;;;;
Nejire Hado;Nejire Hado;neire-hado;1;2;3;;;;;;;;https://mega.nz/file/0C81FIbD#Bpoc8MPzfLqwhHydYry44rztgq4xUA5V6ZaogxhTbrQ;https://mega.nz/file/pfMg1ACK#rrPbhTmVYrsHSLPj8ai6Oj4dAPEbLSwa_esJFuQu94k;https://steamcommunity.com/sharedfiles/filedetails/?id=2820879448;https://mega.nz/file/haVTnAbQ#9GYcHK0Gdh92vNiwwq70ZV5T96G4Vp8e__qUkUAHV2I;https://mega.nz/file/geNERJ5R#6FApzKXlb4dIncPrjcKfzg1QM3EYreKTB-GDfTDgq2c;https://steamcommunity.com/sharedfiles/filedetails/?id=2414868336;https://mega.nz/file/UXUDBAIS#KKtRzJXk92tNi-016l3VuAdBbpWuTchJYl8Sz4imyVU;https://mega.nz/file/sScAgI6B#uknYq0N6dbRl554XOrS_xstS4qAuEFHu8yKEgaqv8lI;https://steamcommunity.com/sharedfiles/filedetails/?id=2820887303;;;;;;;;;;;;;;;;;;;;;
Pieck Finger;Pieck Finger;pieck-finger;1;2;3;4;5;;;;;;https://mega.nz/file/0b1njSYJ#hRwpJI9Sixo9E_JXOh4kYOlV40ukXNqU6ush0nF6jpU;https://mega.nz/file/lTURXYiR#jILsLLZzFRB3bIxkFcs9NG1XdC4dpjJOf7i6QleLxCY;https://steamcommunity.com/sharedfiles/filedetails/?id=2794647563;https://mega.nz/file/pWdWXLBS#uhDkridMjSnCgyfY2ua7F7p2POXvIZKrm3MppXj0r-I;https://mega.nz/file/RCEH0Z7B#x5tGA8XJwjFFYcFZHE3u-DGUYLs7DqpVjcA_g5Q0owA;https://steamcommunity.com/sharedfiles/filedetails/?id=2520136329;https://mega.nz/file/kL8EBB4S#WkpSCm027nRzwPmOJbCJtP0caa6daQRMrUo7gXVwBAY;https://mega.nz/file/haFngDCQ#c-NMHe2ABShua6mTw5WOjcw-xznYS1XkcEnxPV5cQgk;https://steamcommunity.com/sharedfiles/filedetails/?id=2352423555;https://mega.nz/file/FHl0SYZL#YxmVzXq-7M5ApjI1CiYo31-RxLmeYyV9i_FcuPz3zX4;https://mega.nz/file/RDsBVACD#I3zqMAbkpqSalxZfsUF3dj7mvu5znJir6Z6ktbBbcqo;https://steamcommunity.com/sharedfiles/filedetails/?id=2371852763;https://mega.nz/file/1acRgaST#vnkW9Olhw1ZPDuyim2bJVDM2kJkLxa_KMwhRaIayKkI;https://mega.nz/file/pG13kI5D#j9-oCku780h1of57KgsxHOXr-otqu4yivxe-9jBhZ-k;https://steamcommunity.com/sharedfiles/filedetails/?id=1367261361;;;;;;;;;;;;;;;
Reiner Braun;Reiner Braun;reiner;1;2;3;4;5;6;;;;;https://mega.nz/file/RK9UxRwQ#zEMyuQ9rkoDghgUPbWXLhtmH9G19L8IvVMp773TjWjo;https://mega.nz/file/xD03hRoI#UrdghYzFuga613IVDbDACSpZExwSXoWqT6r4s6AI_dI;https://steamcommunity.com/sharedfiles/filedetails/?id=2384114213;https://mega.nz/file/NbFWWbZZ#-0Yx3IjfDdcdBkrK3Ko9TIrhayaOslkjJnCHAGbgfao;https://mega.nz/file/gbETWIBI#C15PnolWKrq1aTQ7BlJOfKCAv6kK_srJu-FfQ1FGWrU;https://steamcommunity.com/sharedfiles/filedetails/?id=949456182;https://mega.nz/file/NHVFnBQQ#Yki7jfoUNzqlrXWY4-2qy6zraL_5qnAkzs_HTkd6F4M;https://mega.nz/file/1TVTSSYJ#eikc6_-kDCGcpIOJexeP7aUrOz6bOVGgV09P34QYgaI;https://steamcommunity.com/sharedfiles/filedetails/?id=2689607729;https://mega.nz/file/dC910DyK#kqxteKNImeyyueS7g6r2NCWnuj3q6mToap4Xuu6B0UM;https://mega.nz/file/hK0g0JwZ#av0ZLgx5j_kHpUi1SjyZHsOHDmqc7LNf-oXVn9D1H-g;https://steamcommunity.com/sharedfiles/filedetails/?id=1790356441;https://mega.nz/file/NS0WVZ6K#1nisEBJNOKDt5aqBgQKB4WpksAe7RpfcHSjwd-ihjYg;https://mega.nz/file/telUHQqK#dOuYmYMeMW88fKci1BtmyqUtVBHiO5UyFSMzu8fBOhc;https://steamcommunity.com/sharedfiles/filedetails/?id=2310450809;https://mega.nz/file/5P0DnIYb#chK3EA4nQCzc3RbKFMN9UXhbI4Ckx8UiPpap78StbSM;https://mega.nz/file/wTk3nKpQ#UUI5rrtonCapjzLAh2kXOaC3FkopiMVLdWgS_pVKVGk;https://steamcommunity.com/sharedfiles/filedetails/?id=2510984004;;;;;;;;;;;;
Sasha Braus;Sasha Braus;sasha-braus;1;2;3;4;5;6;;;;;https://mega.nz/file/ATt3mKaT#4jgxD3UfoegAp_eksBLA_649FEbvNhQ922CjFBbiWYo;https://mega.nz/file/RDdHGbIC#NVdQye5NIbyVazJJDgxOytVhnttuQRGmp_ZvrOvm1AA;https://steamcommunity.com/sharedfiles/filedetails/?id=2752000142;https://mega.nz/file/FTtF2RYI#xJ3gA3Y3p925B3ZDHmsFYTK4pLviymYi_pfKJDQSVbA;https://mega.nz/file/kfMEGCzS#MK0xqDOZu3wu-1XHq8YPQxoWTKkbG5R-IFWH470B32g;;https://mega.nz/file/YGs23D4L#VhbyeL-KcOEoZ_gJtYWIW2lM6X9hZ975yRo7INHsxT0;https://mega.nz/file/IScGwITJ#byHRQ4TxnBVc7fHfIWf4Z-s9UEZ96cIoTUK9yGEX5_0;https://steamcommunity.com/sharedfiles/filedetails/?id=2803056572;https://mega.nz/file/sXNynCSS#gUDFbKavYGuzWgGBT5XbbGdrEx-PPlU9IsmpKlMRksE;https://mega.nz/file/VLtzDArR#_uAI_Mr3_zFL1TyAYSLr1Q3mGqqMjtMFvP5TAj_2FWk;https://steamcommunity.com/sharedfiles/filedetails/?id=915265838;https://mega.nz/file/xDFCDDTC#q6pcO3xwCIhhCQDOdpZ5huuz0CDd5zyqaISDV_leBo4;https://mega.nz/file/VKszGI5b#NqiY9GLwHBs7g3ubormX2J0hJjkGvmanFU3qzPuarng;https://steamcommunity.com/sharedfiles/filedetails/?id=2380957905;https://mega.nz/file/IPkUVCjC#kC9ehCyVQKP5zca6yT7S_36aiCPFso2RoNUiqIkw79o;https://mega.nz/file/JTUEXKBQ#7t-30iNYxZEoMbvwV3yfWCl0qrhCzTG-lG2nE1mDuVk;https://steamcommunity.com/sharedfiles/filedetails/?id=941933369;;;;;;;;;;;;
Spy X Family;Spy X Family;spy-x-family;1;2;3;4;5;6;7;8;9;;https://mega.nz/file/oSdCgDyS#JMrm6ft21ZZTU7SER016NlNISpnhWfVF1htKOK6MMQ0;https://mega.nz/file/IaVQTATB#3zvrJfA18pCz2z-fYfu8ZJv9VmdexoeyTygQ3yHouc0;https://steamcommunity.com/sharedfiles/filedetails/?id=2963468968;https://mega.nz/file/hKFTyDpT#lUGI5MKWa4Vg6qvnfxBOwM9L6vUplNloPyhoPzkm0Ds;https://mega.nz/file/0eshHIYR#1NtDWxFAG3_bnMxcvlhurONqB95As64Pu0IAC44jmfE;https://steamcommunity.com/sharedfiles/filedetails/?id=2847251511;https://mega.nz/file/ZTtxQTSR#O4tWyjT_UjY_DRwW8rvEPeRdu1TTlzIuOOJO7winzfM;https://mega.nz/file/Zb1RkBJC#heVrJwEls-8Yefl36a5bb9MeXGkHZO1LJDN65xW6AvE;https://steamcommunity.com/sharedfiles/filedetails/?id=2844907592;https://mega.nz/file/gG1AHKLJ#IhNJNCWOVbJDXDwXi7HzE8WnsHHWXrxilse0gtyr_KE;https://mega.nz/file/pLs3haoA#qQWPLrP8Zx6mik8HNLf1Ua4kTsDBWORX4YOMesOJaa8;https://steamcommunity.com/sharedfiles/filedetails/?id=2847125123;https://mega.nz/file/MHUBUB6I#9LyfKGDvqjK-GyJPFAMZKJYjHkjfnPi4wRMnZp3kTsk;https://mega.nz/file/ML8HBCAJ#L7GwCScZPp-A9FDQOk1ZxudT-dxYSuHD_QbaaNLTJwQ;https://steamcommunity.com/sharedfiles/filedetails/?id=2792259107;https://mega.nz/file/UaN2GDSI#L6jBmWY3q0NY8WI0hCjgStJroOAS2edwCv7rIiKke5Q;https://mega.nz/file/EO1HAJgC#dFva_XQQsHZMay3ykDDFiIIXnWTq6bc6UA5Z4Qtf_A0;https://steamcommunity.com/sharedfiles/filedetails/?id=2805295079;https://mega.nz/file/pLtlwJYb#lcwlWJ37A1b006UGJcGb-CiFHDCpXQ7FVpbf1c4_JYM;https://mega.nz/file/pa0znKDY#wZx4xk8sEhXR-8iG0xIrqinYhBm_nG5tSQPxNS410Jg;https://steamcommunity.com/sharedfiles/filedetails/?id=2910642640;https://mega.nz/file/sO8HHCJQ#1D2FWR_7JPIeL7UMj2qht1aSHFXiq0tZViXRdCRD_OI;https://mega.nz/file/xX0WUDIa#gaebmN6O1AWfKvjzgGb7jbOMOeiHIWtktt-FSdeV47Q;https://steamcommunity.com/sharedfiles/filedetails/?id=2798629629;https://mega.nz/file/VaFB2JiI#mPTKSQfXs49bniNDR-rzCm5vUG-p4ijILmmHNTwPTS8;https://mega.nz/file/wW1Bma4b#RX7pzbxzwX2RQPMXQ1WpprwMWszC7DNS7eSJctOZZMs;https://steamcommunity.com/sharedfiles/filedetails/?id=2998850310;;;
Tsuyu Asui;Tsuyu Asui;tsuyu-asui;1;2;3;4;5;6;7;8;;;https://mega.nz/file/lb1gGJ5Z#lETf52KRzfmoLjMNoTWD_9-ORoyCbDtDtzMTCAm3X9s;https://mega.nz/file/VH0FkIjA#x7o1uDYKlrzQ7OxgXhzspbr0jYQ69tSISag0G3WxDJw;https://steamcommunity.com/sharedfiles/filedetails/?id=2814500097;https://mega.nz/file/YTtnkbDC#q07dLyLpj-LsUFjk5wQbquwtPpozpXJRznErIgscfCs;https://mega.nz/file/ZekWhaqB#lSrrIqNYFMuPQ_zNoBKNToC9tzgQTCNH9u8LzRa4k4I;https://steamcommunity.com/sharedfiles/filedetails/?id=1497441070;https://mega.nz/file/FLsSzKSK#6aPGe4KM-godO5oa3K9EbNTn_zrmllv9w-6yDpPlr4Y;https://mega.nz/file/gfMjEAJL#R58Yqyugbu7tLIH79VOeYMOKrlAhBwUKkVUyE62HWHw;https://steamcommunity.com/sharedfiles/filedetails/?id=2123507377;https://mega.nz/file/xGsRjaxR#D1KidVEtdawN15DDLieg-OT5gFyCtqGU3grT2mSPEgc;https://mega.nz/file/IfM21DKZ#Z3CxwYTRnwkLBJ4Sp7g5Dx77RnMtbLP5kStVwGKXahw;https://steamcommunity.com/sharedfiles/filedetails/?id=1317114392;https://mega.nz/file/RTc0RDbZ#MnaxqxoC3ZDIvnBuhBqaK-yVpv39Lbu_SBusVaCKaN0;https://mega.nz/file/gK9DwTKT#B0YhhBAxH-DOr019BfBuJbSqgqIGD3WKJ7Zn83r8fjI;https://steamcommunity.com/sharedfiles/filedetails/?id=2021587437;https://mega.nz/file/0e02GTJK#KTKhuc3crWCm1MpH3l1kVE_37RywWfnE0Pu11iBOHAc;https://mega.nz/file/ZPFhWJRS#OgN1CSl2wtXXWNMr30gx2m2qIFuFSWlg4iTm54fn2vw;https://steamcommunity.com/sharedfiles/filedetails/?id=1414206767;https://mega.nz/file/IK9xBJKS#axG8BlUr29DYVI5qZPN2uG7h_pzCWnnEYcz3SWzaH4U;https://mega.nz/file/RfFxFQDS#67YNcOBk280VgHLLEYTH7FKfkJ6DvCGBlGmAKAt5cqA;https://steamcommunity.com/sharedfiles/filedetails/?id=1715834081;https://mega.nz/file/VLcgUaxR#uWGnmpQIIP8GPNWGsDCwJnjBTzk5opolL-seapIGRgs;https://mega.nz/file/VX0CkA7C#xadwYkDO2PQ3aF1uibSs67BetDvg5Gn1N-NDE-vuhFA;https://steamcommunity.com/sharedfiles/filedetails/?id=2427203614;;;;;;
Ochako Uraraka ;Ochako Uraraka ;uraraka-ochako;1;2;3;4;5;6;7;8;9;10;https://mega.nz/file/FKl0zaJJ#3gFz0tvjS2Z1mI82nwzSPpy2ka9wbzq6W6JRkgnDNh0;https://mega.nz/file/lGUDDK7Y#deFkWMBJNGYvmalLmFbmgNY7nz4QqiNBr9SunExyEYg;https://steamcommunity.com/sharedfiles/filedetails/?id=1494581192;https://mega.nz/file/oCVQgIIC#yvNMZokykYz5RPwECIgqlCarosda5HsMmXDlYr11EmE;https://mega.nz/file/4bNEQIbD#0paOvQb7qkQgjB7Gler6QSBkNtfSG9YNTJjuzc26fnQ;https://steamcommunity.com/sharedfiles/filedetails/?id=1427425807;https://mega.nz/file/JbcFxC7R#qnda5PIiFisRVdcpv1WsrOInpS6HRzo7MkjMzOHqoj0;https://mega.nz/file/gTEByKzA#9YircXV0BvmYo-Ic1K6TEYGP36tLm8eQqWJXG1UNNf4;https://steamcommunity.com/sharedfiles/filedetails/?id=1471120242;https://mega.nz/file/YasDUaRT#-NUHnX-fvynbT6MQVf72Piijs-9jf3km8mbV-KTbXus;https://mega.nz/file/pW9CDbiQ#vCjhFAlr-gsexK9UbP0E7YA4WHgekyCDMuEUAwZdsDk;https://steamcommunity.com/sharedfiles/filedetails/?id=1817084681;https://mega.nz/file/FasDiQxa#J0q9Yv9JQDl5Sqzk5Y39paSdVH4d3aOcpuLtWVhoHUA;https://mega.nz/file/kfVmWKoA#dtJ0tfobji2j7MTuQhP_Wx_eDlxxYz6ujypfCg8ZkHc;https://steamcommunity.com/sharedfiles/filedetails/?id=1116985764;https://mega.nz/file/IKlRRJRb#IDs7gibVobORLRS_ud10QSoUoVAuA9Zl77_MF0gvI98;https://mega.nz/file/pa8TwRSQ#hToZRIDrADGHI0DZTvfUmIAAsy6JfzT33H1rMe5hmd4;https://steamcommunity.com/sharedfiles/filedetails/?id=2469624065;https://mega.nz/file/AWlVmTpb#T5VcNgn6H9DQZxGxQ9xsnVt5m7mDXMVzPZdXna8jsy4;https://mega.nz/file/lCdkDaRJ#CNt_qN2seBnNNBAiQVLR16jJ3rvnHQW4sjMA8Oaz9Eo;https://steamcommunity.com/sharedfiles/filedetails/?id=2419101151;https://mega.nz/file/5DVyRLrZ#bUUzL2mZAjlptAvJ9wfdEIUY3GGbSpPtXYqhs5LJEtw;https://mega.nz/file/QTNFjaDA#7EYqCT9XMAZceeH39EHfMZmYDo63fWPI6muasvymUQs;https://steamcommunity.com/sharedfiles/filedetails/?id=1987485683;https://mega.nz/file/kWlTyBxL#3BNsBjBW9jQnL9hz3zDLIhcjRydAeCtey3NOZSLsW5M;https://mega.nz/file/teFFUb5A#0vWpG1SnVYqoUV0RrdGF8M61qJIFiNjUrFCmK0_NbUI;https://steamcommunity.com/sharedfiles/filedetails/?id=1641470256;https://mega.nz/file/hONRzSiR#EIippBHtYOTlvXp0XMOcaROd6iHhHhtroNS7rsBX3Lk;https://mega.nz/file/oTkAVJhI#pX8XA0E6h-mIZmXBQsUes_6V6RGFq2_2jNOT7dqb2Z4;https://steamcommunity.com/sharedfiles/filedetails/?id=1119482800
Momo Yaoyorozu ;Momo Yaoyorozu ;yaoyorozu-momo;1;2;3;;;;;;;;https://mega.nz/file/YOsyiABR#lez0t1cU1-4rulD_02qNtS6CIWYeDQunhUCuRUm9gvk;https://mega.nz/file/MbcFDZYK#iCknfKISVQmNXYrNR71Dk5kTeYXuZHkHdtp88NFk_5Y;https://steamcommunity.com/sharedfiles/filedetails/?id=2237146901;https://mega.nz/file/QG1x0DJZ#jD0bj6HHRkobW2iQVYn2eLU1ebnozBKEJ_ytX6Ksdjw;https://mega.nz/file/UPlXWQoD#8QiOJ3Su8ZjaYAhwFZsR2KldaX41JUhKErx5bFSFRJk;https://steamcommunity.com/sharedfiles/filedetails/?id=2127584766;https://mega.nz/file/QT9yzSQK#SLccy3YrZg_FYdHpf3C_QtP3R-9l31xSlgo4iS0o4UU;https://mega.nz/file/JL0wnYbC#kjXfWrsPI8etIgQ6JmMDtiW8hLBj_QTZ-amua7BQzM4;https://steamcommunity.com/sharedfiles/filedetails/?id=1444898944;;;;;;;;;;;;;;;;;;;;;
Yuta Okkotsu;Yuta Okkotsu;yuta-okkotsu;1;2;3;4;5;6;7;8;9;10;https://mega.nz/file/UTMkxBoK#jdKoD4CpyYE47XtfEKgqDQsbKDXSCwOgrwzX_1UNzWU;https://mega.nz/file/tOVBVSRI#noDE2IYPMVlQKcve9zMOaPBd6-DZymT05V3_UPRgcNI;https://steamcommunity.com/sharedfiles/filedetails/?id=2867142659;https://mega.nz/file/1OFWSRCS#OyS82H2Qd9vb8ERcP1hQQcT7FY0I6VpxzUpuiOsM0I0;https://mega.nz/file/dadTXTJb#XWESbtpBkzto40JQFSOe_1hsFmTi7bFxV7v7c0okhkc;https://steamcommunity.com/sharedfiles/filedetails/?id=2986863904;https://mega.nz/file/0ekSHA6b#RZwunFPRm2cE9uHPP_eNTfIa2vCfjy_xidwYYH6f494;https://mega.nz/file/VDdDQLwD#_nb6osrL0nt0WKPXt6hoLTx9wRL25Lwrdxd1FuNvc2M;https://steamcommunity.com/sharedfiles/filedetails/?id=2425752688;https://mega.nz/file/8HcgzTQY#L46jkAH-FWMT_omOU1iCVSugh6vWAQQ7u3ZVCqamG2A;https://mega.nz/file/UWdlEbhB#fJcVjd_i48-gCEeDod5e_eQ4MsBaOPmnU6f3DvNKhBs;https://steamcommunity.com/sharedfiles/filedetails/?id=2451347359;https://mega.nz/file/RD9XwKoL#Vy7bmVr4XLnlDVibB5vj6TBdq8OxDqqjQNCrMJNOnfo;https://mega.nz/file/xKNmRSZY#ha2_F4sH8MAxQPWFNb4zK_ljbUKMXEGAUx1iyRyWsig;https://steamcommunity.com/sharedfiles/filedetails/?id=2432608508;https://mega.nz/file/JeNGTYSK#f6lKSpQWETCwXc5xHYIUz6eFGC5x9mfU8LEH_0MCiIc;https://mega.nz/file/9XNBQDLB#1dooNsgrzbxEE_uFjkG7zJGIC_O3qxzWnQGGJvoWU1I;https://steamcommunity.com/sharedfiles/filedetails/?id=2901741961;https://mega.nz/file/sPExiBYA#EamebjRMzoZohDwpE5vBKouH9g_G81EG88FhIFEOGW8;https://mega.nz/file/FeNSDAja#qv8HjNBuea_ULVpVo25rzarE-OAqaVUD0nu5BS303eY;https://steamcommunity.com/sharedfiles/filedetails/?id=2771354213;https://mega.nz/file/BH9hDRZQ#2qr2g7bNNnaHXnyMO6v1_GUc2LgW0PpeIBBy94cTYKE;https://mega.nz/file/NSUEiCTL#py795FFCTU2fRr3EolZG0-iRZMZIyPkjB4CN_yJfmV8;https://steamcommunity.com/sharedfiles/filedetails/?id=2785216914;https://mega.nz/file/MHdgXJaA#4f36R0yZ6sXlg4_evTFtsm4zjiMf0QVuazUWsKYrfO4;https://mega.nz/file/JSlnRZ4D#NuJnXBMooSSOVCWLl3l_z27NsdUAZPNv9Pt8bvjUlLk;https://steamcommunity.com/sharedfiles/filedetails/?id=2814781474;https://mega.nz/file/8W11yJYK#E7IBq0pG3AbUbZ-yWYb7hH8Z95ymZMjbPv-XbzP478c;https://mega.nz/file/IalSXaxT#00DvAIoYYeVGYv5ArOQ5cECXTXekleONlT1QjK6Uvts;https://steamcommunity.com/sharedfiles/filedetails/?id=2919060438
Zeke Yeager;Zeke Yeager;zeke-yaeger;1;2;3;4;5;;;;;;https://mega.nz/file/xHc3TIYL#LGzu4H25WuAxVzCeqdnNHQGYA5gl7oRSiHRDT4yY7eA;https://mega.nz/file/YGtHyIgC#stvNcJ1Awnf9V5dAGIs75YkBRunV4o0kVXjabLcQJVI;https://steamcommunity.com/sharedfiles/filedetails/?id=2580572786;https://mega.nz/file/wakCgahS#h2-ahL3RwApozs2Tg5hpzEI6W_5rFxjQjG4OSPExz2A;https://mega.nz/file/9b0FFBCD#qlcnR33aI1eNjmniGGga6I6-gD5gfYDkx-KbzYo-lfo;https://steamcommunity.com/sharedfiles/filedetails/?id=2580345120;https://mega.nz/file/RGkiiapC#jAg2hyLy-2yI42xZ3g7WeUCQWXq7k5NaBRb_vpHW5sA;https://mega.nz/file/oLNlhDjY#VZ_NXpNI_269dRh86glbo2Sg7vdc27YMQ_jscuk312E;https://steamcommunity.com/sharedfiles/filedetails/?id=2436396773;https://mega.nz/file/8eNF0DhQ#y9TEWVfpWLuOAsE1JEYkqUgG0yXaj9mNzCftG-J-B4E;https://mega.nz/file/NLsWUYxb#N6dFxUCjDrxyep2WtsXJdpaqpnPsUV6ZLX_zkDr6Oyk;https://steamcommunity.com/sharedfiles/filedetails/?id=1814989184;https://mega.nz/file/US80ASDR#lJfMrw7AKScha3EiC15v0Vdm-apcKicPKIqtU-Gn_5U;https://mega.nz/file/9GE3maBS#YetJTeSyRTRlcBTIW-2C7MYvz0AXvLuSAWArRwae9KE;https://steamcommunity.com/sharedfiles/filedetails/?id=2742538975;;;;;;;;;;;;;;;
One Piece;One Piece;one-piece;1;;;;;;;;;;https://mega.nz/file/hbsgHa5R#Ezm5sbCNMfxFZxqBtxpbBxhOia4hooAvWD9rH2tIw_o;https://mega.nz/file/YbczSDBL#_cHa1xjrmeWKAtBS7VgdNuik9Qu82R2Mp-7woNj6g-A;https://steamcommunity.com/sharedfiles/filedetails/?id=1986348366;;;;;;;;;;;;;;;;;;;;;;;;;;;
Toshinori Yagi;Toshinori Yagi;toshinori;1;;;;;;;;;;https://mega.nz/file/gWEXRDpK#ej6Tt3L1U9eWmqrlGz3fBUJoHaYkEDjhOlfEXM5mYqQ;https://mega.nz/file/hb1X1AbA#Eq5Ni_tz422eI-Ef6aLqoAc6NfLYOv3CFb2i6R-dMd0;https://steamcommunity.com/sharedfiles/filedetails/?id=1988157002;;;;;;;;;;;;;;;;;;;;;;;;;;;
Aston Martin;Aston Martin;aston-martin;1;2;3;4;5;6;7;8;9;;https://mega.nz/file/pSkECSjI#wd-R3CbNA_qnJf9egBmo1Y-AodznjrZSNClv5OjyhOE;https://mega.nz/file/xLFElYIA#P-1OVnl3iJtA6B221iVV28GMR_ND4hfV-981pMnvO7w;https://steamcommunity.com/sharedfiles/filedetails/?id=1988157002;https://mega.nz/file/1eMG0aBZ#pKVsWrtiIDcUe7LDESL0qlISlefC_hh3Qi4jiQYWVIk;https://mega.nz/file/9X81hLLK#Ad-aPzKadKfmQXB1ThRxdhUZLu-xkHuvpuSlvrx2jD4;https://steamcommunity.com/sharedfiles/filedetails/?id=2421316707;https://mega.nz/file/9ftlkYKQ#J_Iz1jbtQM-nJ6ELhkLZ8MS317pAd6QGD1DHAQxbArg;https://mega.nz/file/9X81hLLK#Ad-aPzKadKfmQXB1ThRxdhUZLu-xkHuvpuSlvrx2jD4;https://steamcommunity.com/sharedfiles/filedetails/?id=928500418;https://mega.nz/file/pCkGVYDR#gaOgn05e0wiZW-r6cKWATGukbV7kPAhLe7O40gvYEnM;https://mega.nz/file/gWNwAALb#yn-XUHMOGxMca0_dI_11cNb8SDUbw0zwtpRaYp3XTLo;https://steamcommunity.com/sharedfiles/filedetails/?id=1518476755;https://mega.nz/file/0T8mjD5K#O3KAfhB3h0VncXEzexiC3U_lNrCvJb1xv1Vl6UVLpRw;https://mega.nz/file/NH0BXLQR#7rQ3et4oDWTa7aMoVaOJIMANWWG3KHDPca0VTudU46c;https://steamcommunity.com/sharedfiles/filedetails/?id=2281381845;https://mega.nz/file/ZOUzGB5T#UbzOaawcyKAcwjOqZ_EGA1QTTftWH3jATGQXrY34SXM;https://mega.nz/file/gfdwXbiT#tVBBLuv8C51cX-2KWNRNu9X2s4HbL0qRcUUB3cEMdIs;https://steamcommunity.com/sharedfiles/filedetails/?id=1738755435;https://mega.nz/file/ke1BRI7K#b_Eg4A11jN5qWWCOJiCpoiOGZAVYzVF_AB7DyJgseJ4;https://mega.nz/file/YOtyDYwT#p1FfhixR85e2VVM849A4qrfFMSDWvaNBNd1R0QRoRIY;https://steamcommunity.com/sharedfiles/filedetails/?id=1915749549;https://mega.nz/file/cflwiAZL#oBWP_scBsEVGY4uD5cAnzUlvmsLUFiz4HSGSzZsuqUU;https://mega.nz/file/UTMAHBZa#_to9IStJG3exVjEYTyObQnpGCq-zpaS8ZevANuEhcDI;https://steamcommunity.com/sharedfiles/filedetails/?id=2855655983;https://mega.nz/file/tPFEHSBZ#z3Ef3DeeyQgQEnyy3KOApwhGcp8SDJy9AtsCigKTOws;https://mega.nz/file/sX0T1RiY#Klnz5i1iY5G8u2ztMfZWxkkA6sMR_KkzaYkeITm6XWI;https://steamcommunity.com/sharedfiles/filedetails/?id=2484090054;;;
Audi;Audi;audi;1;2;3;4;5;6;7;;;;https://mega.nz/file/dXdDSA5b#PJdK9ijIuUy9gt0VIDZoIVhFp7IpxPjWeYdUdf763Nc;https://mega.nz/file/hG1HFRZC#EIco5bokZQKT58Y_rJo5xo4pj8-8Kw_rDbpZNjq-XnU;https://steamcommunity.com/sharedfiles/filedetails/?id=1399521325;https://mega.nz/file/AKtUSB7L#XyjhHdZEcC-dpMZVS7oI_V7x0GtaFRuK42un2B79hYw;https://mega.nz/file/hG1HFRZC#EIco5bokZQKT58Y_rJo5xo4pj8-8Kw_rDbpZNjq-XnU;https://steamcommunity.com/sharedfiles/filedetails/?id=1906826897;https://mega.nz/file/1aM2zIBI#DV8vufk9WJpxX9bee9VTfGsGBhRkfjfym9pQjdjeAnA;https://mega.nz/file/xf9RxKaY#Z_IgzlgJJr9aR94DVkkHjnkE8Mb6-LKNrk-5gZtlG1I;https://steamcommunity.com/sharedfiles/filedetails/?id=2105960019;https://mega.nz/file/1D0CHADB#BY77OoBCy7EgKANAQ3yTR3WZj9Ex6xKE0DvW19gvQWE;https://mega.nz/file/kKEmGJ6K#FAeC2GRUPpf3pVZI6gt2gMtN9YruBtxKoUwBv5F7HRc;https://steamcommunity.com/sharedfiles/filedetails/?id=961290759;https://mega.nz/file/Vb8WUBgR#gXtN6R5HcMKMfjl6ftFmiWvmJamnSEq6I0t_aIngXZ4;https://mega.nz/file/gDMFmbrb#0l4YgU2DA0wAisj_gfy2pxpyrwb8YqCwhyon9SeCNPQ;https://steamcommunity.com/sharedfiles/filedetails/?id=1281226181;https://mega.nz/file/pDNHyAzS#rMVtnrdT59mDEMAhXfnaSZspHHuPibJC8-P3a-8SFZ4;https://mega.nz/file/JXlmiThR#7amrUdshagWarFA_ow90gLEVOz7-HFdMr5H8aPA7zkU;https://steamcommunity.com/sharedfiles/filedetails/?id=1888699810;https://mega.nz/file/xHd2WADS#4aEvux9Gv29FsGMFbYtuZANTT1IJeXVokW_xLeccHug;https://mega.nz/file/QKVxjI6a#Q0srH-KGI1KfcSTOXDXuB_OIF8h57CcF68fsfIfogfg;https://steamcommunity.com/sharedfiles/filedetails/?id=2671366725;;;;;;;;;
Bugatti;Bugatti;bugatti;1;2;3;4;5;;;;;;https://mega.nz/file/ZedjECYA#oY-I6zZDAhdnBqPOvg_r9Ag8P-fBJlMXK6M6mrL6HgE;https://mega.nz/file/5Pt2xYrD#qCXUQHcEgyY5lq-bLhbZzQsMB6TjYBVIQNh8-A5kRn4;https://steamcommunity.com/sharedfiles/filedetails/?id=2957742124;https://mega.nz/file/0PcG3QQQ#PvwqdIhqs116lXNbKaozVAFVvU7wSkHTXqKch1sftoI;https://mega.nz/file/FaMmnCDI#OVRax0nK2daiHvoaWoEj29Ada1FR13hBOorfbxYuWs0;https://steamcommunity.com/sharedfiles/filedetails/?id=2862498808;https://mega.nz/file/ALtnXRia#gSZL_0oIA24HvSLRNltpHWR1OcBxiewB5aoaX9EJA5k;https://mega.nz/file/cHcjwYJa#h1gz1IzzvSBW_nttuWLKyvVFP6Pf8CHB0BSFCcMd5IU;https://steamcommunity.com/sharedfiles/filedetails/?id=2576872173;https://mega.nz/file/IOsx0KwS#RH-wpu_33H1Hy0HmIuaQaGHE6wwkoMESNrIcm5ZxwkU;https://mega.nz/file/kKUABQiI#qaWC1sBmOEkrTHScboW3Ayvlb3F-GWv1EUFe0Ud-oOw;https://steamcommunity.com/sharedfiles/filedetails/?id=2882015055;https://mega.nz/file/QfF01SBR#_K6qIypDMiu0GXkaZ1HDa9YL80AUMSK9V1QgPgQ4oG0;https://mega.nz/file/kbUwTTDJ#bNgZdy-sN2luecpG-RJNEX2WFhAdKZOI60CqTsHmiJk;https://steamcommunity.com/sharedfiles/filedetails/?id=2916454260;;;;;;;;;;;;;;;
Chevrolet;Chevrolet;chevrolet;1;2;3;4;5;;;;;;https://mega.nz/file/JfUxUJKT#XkUPixiL6hkFWB3eeCMa-IZKzIXSiUddGC0uklaWfqM;https://mega.nz/file/JK12QayS#WzVrY6TIe_VSmZOg7MluiJn9ipY7pZiDGnkbMJyDnm8;https://steamcommunity.com/sharedfiles/filedetails/?id=1999626508;https://mega.nz/file/MeNhjJgK#uw1chUh0qk86fIgtgJeLHUU5_yMoveoWnCHAiGG3pHM;https://mega.nz/file/QKUWTb6L#-xyvu9qWcCYG1HSaeOVKUpS822wqdVU_ksBQ4ewyhos;https://steamcommunity.com/sharedfiles/filedetails/?id=837733636;https://mega.nz/file/wH91mYAD#GuRDTgjaXh09RF3kXSbLpvTdW1_oDpribvcOsKHqpRU;https://mega.nz/file/UScHmCSQ#I9tf9Yr0OoICUZid_-waZcSyAi4hA1Qle9bPPy9bzno;https://steamcommunity.com/sharedfiles/filedetails/?id=1365674786;https://mega.nz/file/0GFkxIwT#JJwO_YbPIp_hD5_mHJnWg_HlUh46IhwifGhiuj0loe8;https://mega.nz/file/df8Q2DiT#p6Kt2JnoXmpmUqvdgT8i_a2H_taSjqclPXClM9j2RNs;https://steamcommunity.com/sharedfiles/filedetails/?id=2791245126;https://mega.nz/file/1T00QCgC#LxgTYtsARvwvLeaeGbZQdOq9A5QTk1sSwNxNTrSrYig;https://mega.nz/file/oDUCFRyY#mTWHvGnIgXx8pyOsJjwX7olRQlUl5yjz-W8qpsg4_6I;https://steamcommunity.com/sharedfiles/filedetails/?id=844763592;;;;;;;;;;;;;;;
Honda;Honda;honda;1;2;3;4;5;6;;;;;https://mega.nz/file/VTki3LgT#DUZOgXFvFXMqjQxWptmtf80mWTDQWaNSYZbRGfjC0l4;https://mega.nz/file/RedUVQ5B#Srok7UFXAhm83B1jwHjSphpyN1iV1eDK7_78Qv5yPeY;https://steamcommunity.com/sharedfiles/filedetails/?id=2948946789;https://mega.nz/file/oTN1RILZ#HPvs3GDO_fZD5s89XRVXp-u_YYFmp1IGcZF_1QsSw2I;https://mega.nz/file/lKVEhZLJ#Qz0r9DIqJ_7ubj2Yx0DlZ2cD996IR4fcGd0mfPIF5TQ;;https://mega.nz/file/4PNGjDYR#SktUF88hmtQKN_HahXArZVS4kgNZPG0aEZnES66lqY0;https://mega.nz/file/sDtUBLIY#CXp6bus9wRF191qOSpSnCsyZhF45pZuHGYN_B98tXSE;https://steamcommunity.com/sharedfiles/filedetails/?id=2640859809;https://mega.nz/file/9blVkToY#DNWkL1EaYJKsDZ0IOV8YNvg02-vbIWLUdskKjLCeOUg;https://mega.nz/file/USMFxCAB#r3A7ftmW1bXaQ06juzBqjTAS7MqCldND6jF-VzwLRyE;https://steamcommunity.com/sharedfiles/filedetails/?id=2939067992;https://mega.nz/file/kKlm1bDQ#u9ptognvObDsnJ4LvsMEjwIdY6vn6Q_z94iqookryNc;https://mega.nz/file/EecCyKjQ#swgC_r_noy5kibJWD3mxBJcbsbQjobjZXCkCimC9PEM;https://steamcommunity.com/sharedfiles/filedetails/?id=2607236562;https://mega.nz/file/ZXUUUA5Y#g43H6jXBRDEwpwHEhebwkFrC7F26G6TrzTo3kzyM0II;https://mega.nz/file/kLcCkIxS#BlCJuxyhFkqcc_f52poqFp6hsBV1RmKOmSO2xpaCNE8;https://steamcommunity.com/sharedfiles/filedetails/?id=2607236562;;;;;;;;;;;;
Lamborghini;Lamborghini;lambo;1;2;3;4;5;6;7;8;;;https://mega.nz/file/0L0SGRSL#xbH8EaQGdTBieEi08nB5wGwcaq7utVBB5hrUJu9TQfk;https://mega.nz/file/VS0k2bhY#kghqHTw53UMs6d6_bHTznKDL3VFqUwQjUza4QH-OqvI;https://steamcommunity.com/sharedfiles/filedetails/?id=1826293957;https://mega.nz/file/gO1CGJrY#WAieYk7BKbgz1etiH5ynpnwtKUHEpwInlEuo_SmuqNs;https://mega.nz/file/oLN2SZQT#axIlvnCtC-sxSghR3BB6a__8yJS3kSstCIlT1yZZmBw;https://steamcommunity.com/sharedfiles/filedetails/?id=1438789092;https://mega.nz/file/oa11FTjC#A7NS3-JCL2lmwF58LF5yeEkzGPNQ43z_P0mzWr1JtzQ;https://mega.nz/file/JPdVRKxZ#DlJMzPLQ5cpJY--lPVwkja1wJ7vrLMZDFbd8Z5ZA0UU;https://steamcommunity.com/sharedfiles/filedetails/?id=2085470489;https://mega.nz/file/4WcB3aSb#dloA7vZGkOUj-kPKNPG82tLVTas15OZh1kd7s5wUGE0;https://mega.nz/file/wb9jxD4T#6NPp-xzqgY7xW0K6ebpVUkNuM8OaLk51Pxd0Q9N4JZw;https://steamcommunity.com/sharedfiles/filedetails/?id=2113865274;https://mega.nz/file/UT8n2Szb#-mVgJjGu7mqe5BLFGFCgiwnrfZOFDBDcWjNVuHMMNCw;https://mega.nz/file/Afck2Y5K#y1fQmhoYfHbjLgvQHVXosbZOOFQeNSx-2tM4fPvHdjw;https://steamcommunity.com/sharedfiles/filedetails/?id=2248906943;https://mega.nz/file/sD8jQTaJ#__UNTbWl9wx7mU34Mwoh2QrZKAqAWhgiRRGz9UBf-to;https://mega.nz/file/ke8V0CqI#rM0_Ui2kgUVtrkOdWYswRJJt7rE_4iSkXu_hjdaAL_0;https://steamcommunity.com/sharedfiles/filedetails/?id=1991651260;https://mega.nz/file/VPNiFYxT#Los91rq852uSKVieCQ_8zZpslRD2Uw4QgQFH6VHj_zw;https://mega.nz/file/YS8zTI4J#MDf4s4STE90Gt-K1_L7ZakGEbrXGiu5O99pmzOzeiCg;https://steamcommunity.com/sharedfiles/filedetails/?id=2052605510;https://mega.nz/file/xLkhAR5a#CReGoZm76NEbNqLm4XyrgVaNo66TSp5TlB5Ulo34u2c;https://mega.nz/file/AHUUmShJ#e5k7JEPCtZvt14IT2xlbCD23pjaPqbtjiQtZUe569RY;https://steamcommunity.com/sharedfiles/filedetails/?id=1476658110;;;;;;
Mazda;Mazda;mazda;1;2;;;;;;;;;https://mega.nz/file/lesEWLoQ#sc26EHC2cXOyJryHjXkcIDCb_f5pUEAHK0cQpfmOs98;https://mega.nz/file/4ClAwCjR#3ni2va0T5S6ghabmIIEpb0O5KQrUzYJkg4CNApW7eSs;https://steamcommunity.com/sharedfiles/filedetails/?id=2971987338;https://mega.nz/file/VCUmDLDB#I9syuozoQEtxqXKbb4u7s-yNtg0jYXTXTR-zBCLQowo;https://mega.nz/file/dW0hiYhb#DHVVCZFqmYRhYrPNdVEkiCITeh3BApUvvwb8d2vFNd0;https://steamcommunity.com/sharedfiles/filedetails/?id=2253887723;;;;;;;;;;;;;;;;;;;;;;;;
Mclaren;Mclaren;mclaren;1;2;3;4;5;6;7;8;9;;https://mega.nz/file/JW1l2bTL#aRuMkt7t1zm1BgrUygTy3MnGmqarGwKM4T8An9HmxfY;https://mega.nz/file/ISMHlbYQ#BTCySSqbb1_-PPZ6IVenk7Zw7_GtRxhi5Q1qtQqxpLs;https://steamcommunity.com/sharedfiles/filedetails/?id=2862114482;https://mega.nz/file/AfFDTYDD#oiE1jhdQRhTE8ZFcxDhwXqpF0JGz2D-kBEz7Xki4Dzg;https://mega.nz/file/MalxBYIA#ZX9PWyiNn3HiRdEiFFYYfs21HeSLH_zCqF3NF93kt_I;https://steamcommunity.com/sharedfiles/filedetails/?id=2878009049;https://mega.nz/file/cGtzlLaY#fha6XGGti88NsJqgpWsUUfvqQTlLo8HhyXacsA5XsTs;https://mega.nz/file/pPdHXbBa#EvT2XdLoLWJY61sAbRrx0rDK3HFS7q3Jtd14n7InuB4;https://steamcommunity.com/sharedfiles/filedetails/?id=2464842912;https://mega.nz/file/QfsU0ahI#2ypCIbmPapDImbx5MmtpDd2sugqWAu6sGpwjHvK5FU8;https://mega.nz/file/kXE1mCyC#_gbbTQRX87M_rrNsh0ie-nlEDut9zd5XGRQlLsTCsRA;https://steamcommunity.com/sharedfiles/filedetails/?id=1892971847;https://mega.nz/file/JXFV3aBb#5sFHgFGKYeDEFaN5esNP1TKs31ZZJVm4N0oDvnRSF7U;https://mega.nz/file/YbFyEAiT#9EjTndiMu_48fT3HDfxGBlW2xLNCCHvit26cIx531rQ;https://steamcommunity.com/sharedfiles/filedetails/?id=2448830303;https://mega.nz/file/ECc1UJbZ#XfbVZdWcYeqfgoSf8dxESoUjdZR91yctfF8ku1Lk7QE;https://mega.nz/file/1DdTBBZJ#RWixwdqxGJx8FoDMw2vhNMcZJfOmC691uc4Ula6LNBA;https://steamcommunity.com/sharedfiles/filedetails/?id=1997109744;https://mega.nz/file/wTMVlJxS#BvJzPpBZW3M6Y1vEZOd_zxPp-wrwGt7P61B4KJx7e7U;https://mega.nz/file/dGdS1RxB#2IeM-EVTQSj4kh4tJs6Utnsc2vx-um8w-EfB6UmNEXo;https://steamcommunity.com/sharedfiles/filedetails/?id=2166435284;https://mega.nz/file/4P0QnTBa#T6Iqr7SMPukOew9E_dj4SmRtbIJSnD_YFtPLzvPbtCE;https://mega.nz/file/IPcQ0ZqB#V2RsVEKLZnrm8Ghy3cWRAQI3WUqCLnEXuP4GwGHmgC0;https://steamcommunity.com/sharedfiles/filedetails/?id=860274476;https://mega.nz/file/5X1hUJ7b#rkmF4xSOWFf6-5vheab7I7uX2e1RvINl8Ryc9dvqls8;https://mega.nz/file/5D8glCCb#7aYZrwDpZryDiLHwQCDyawxkaseJNp8WdNtfp5HeQEc;https://steamcommunity.com/sharedfiles/filedetails/?id=2321014172;;;
Mercedes;Mercedes;mercedes;1;2;3;4;5;6;7;8;9;;https://mega.nz/file/kHlG1BQI#pzkKDlV1o6YdhgNBNTZGK106DUHGAoAp6fILBZ0Q9rI;https://mega.nz/file/cO1XlIIZ#gOQ8bNWlAdLGoNPDx8y2lo6RoIXaRYmgVJvfWd4X4LY;https://steamcommunity.com/sharedfiles/filedetails/?id=2039799757;https://mega.nz/file/9LsSxQgS#YakI1YCGCmDzBLi8BZEHRIbFImq2ncwpa5qefIHwsfU;https://mega.nz/file/VG0WmZQS#tdqzPcj1f64US6_99FbbY2yOqFR2HSZLpJR0SzMUyOM;https://steamcommunity.com/sharedfiles/filedetails/?id=1908784838;https://mega.nz/file/Qb1BSIoI#t1gcSdmM5u43Q07CAa9cK1J9cQlYl5nz6fRclJ8jYlw;https://mega.nz/file/QKtkxAIB#W9NSjU0XuowhxNeSxPy9nzh3nL5vdRjha0Wqar2ZFzA;https://steamcommunity.com/sharedfiles/filedetails/?id=1303438414;https://mega.nz/file/YKFQFa4D#7V0rMn_rTo-sPD_jqVkkN4KFrTEqv_wtIctA14kl85k;https://mega.nz/file/ASUDQQJA#SwX5P8E9jquJYGvlzQNU5-Z3xme5SZGhaFQR01_0GNs;https://steamcommunity.com/sharedfiles/filedetails/?id=2734494668;https://mega.nz/file/ka9F2BhA#_rCiUEYiqk1pM5YSR7u9lT4vJGkfaXaqs9rRcWbnzXE;https://mega.nz/file/5fMjAI5b#zvSY8fmEF1_P3RkbD5iRpTv2gHQHvMaT3yxEP1sGTmk;https://steamcommunity.com/sharedfiles/filedetails/?id=2596283333;https://mega.nz/file/sT9FyBba#4OalijLnhrpQ_DDvYQv5iuexozc_XIoa5rt0Qu7nzXg;https://mega.nz/file/5H0gCBhQ#Bbd_kQ_hwnjF2y7q3ybNFOckukRq_YLSF-cDom9gTH4;https://steamcommunity.com/sharedfiles/filedetails/?id=2400266694;https://mega.nz/file/FWFUxQZR#CVobtgnRTyFn5Ef4bNjP6Wwfj8F5tmsga1w_0BeCYHI;https://mega.nz/file/8fsSwR5a#sULiU1HmVtpMV9ZxVxzxuqdymFlfDcuQr6Z7LJDBKjg;https://steamcommunity.com/sharedfiles/filedetails/?id=1710654765;https://mega.nz/file/FD8mjCzR#sLRyo8f-9uk2KXav6Qn4pGihFf7GAvDGqVI3IcDaqsQ;https://mega.nz/file/xKNQCYLb#72XT-fZRVHCKQna-NU_xRsnicyiVnkt0t0yEFuXIHks;https://steamcommunity.com/sharedfiles/filedetails/?id=1915902865;https://mega.nz/file/FTMjkYCD#ek-QDBVogsJdNnby19329zM83ht3EScRTqO440nXsjU;https://mega.nz/file/AeFlWAQI#2D66XcXIp2HWj5Mlx6hVBViFGIOc-mZBlP6s5EykPyY;https://steamcommunity.com/sharedfiles/filedetails/?id=1905175057;;;
Subaru;Subaru;subaru;1;2;3;4;;;;;;;https://mega.nz/file/lDEUHKLY#2t-QBMP9FG-GwgvBVmL5dOpa68X5b6Ha6hqRBm7nP3w;https://mega.nz/file/pW9SSArI#c6QSBYt2UsPTTATWuR2Af0H7_N1KBYGqW03g2FPyuas;https://steamcommunity.com/sharedfiles/filedetails/?id=2289168048;https://mega.nz/file/kGk1RbbQ#-cloqtTX_KRzEY0vNKVsHeJPmXkm_5UOsfrPOYFe8X0;https://mega.nz/file/5K0lXRCJ#Cb4pPqNvE5mbx4I8BUPv7mYCHKbO7RvFt3IfyzulIPI;https://steamcommunity.com/sharedfiles/filedetails/?id=2199930363;https://mega.nz/file/MWMzSQTB#rmYnE-33KbKGpuqs6KJxj2AriTUhUtsCLq3MMShnnBk;https://mega.nz/file/tOVFCBIS#McFcTgLKtqlcvm4QvKvv96lunS0U6bG78hinFYUVss4;https://steamcommunity.com/sharedfiles/filedetails/?id=1938649077;https://mega.nz/file/pX1GDSCA#XYMcRg6-kNtx8f_t9ZgXyoO80GkUgkIXzQqHw8K-XtQ;https://mega.nz/file/ESsUVIRI#OlIOZs-rtuDd5XUjor1VA-T_tv-r_xwXASw01pf_R0o;https://steamcommunity.com/sharedfiles/filedetails/?id=2332105521;;;;;;;;;;;;;;;;;;
Supra;Supra;supra;1;2;3;4;;;;;;;https://mega.nz/file/8TERhTzT#Sa1GPxM_febMbuwqA8SB-0UibfIFfkCiWmT8GY7iWBA;https://mega.nz/file/ROdHHZLa#C7TsS76wOvTPnF8CUeaxPs7eniLtfD2uGx0_Ju0fjow;https://steamcommunity.com/sharedfiles/filedetails/?id=2668834718;https://mega.nz/file/lHEH2I4A#R1icoKeUiopz1JAhWAE7tK9JRZQGd52eFpEVQObdPZM;https://mega.nz/file/BbVT1KZb#w99_KiWVT8XNV85BbAdENK2H96NAVeFf2EmxWHdhuYQ;https://steamcommunity.com/sharedfiles/filedetails/?id=1629189151;https://mega.nz/file/QH8wiILK#88Ozr5U16jKCQMC-qTsg9gxlVhEGopoMtZWEUsOs8Ac;https://mega.nz/file/oHkHHCLI#uQnxvPdl4tOan162kKC7-_rtwWLnTsTP0fq5fOTOuQo;https://steamcommunity.com/sharedfiles/filedetails/?id=2297286100;https://mega.nz/file/oCsX0LoZ#yE0PRw7ewLA3MN4St6SUP_wfVH_820GunyJzNywdOrY;https://mega.nz/file/YXkAyb4Y#_R7rRdkGjvTmAltPbg13l5gJzjzYglu4OKN7tm1bIFI;https://steamcommunity.com/sharedfiles/filedetails/?id=2899473866;;;;;;;;;;;;;;;;;;
Toyota;Toyota;toyota;1;2;3;4;5;6;7;;;;https://mega.nz/file/oOEDjbgY#jOcuBtKn8PtqZ_tSx-R9s9qg4RXrjCzYs0jo8bCorvQ;https://mega.nz/file/xScy2SoJ#DVt98EkDQbOLhI54h6HMu4_Y2qyuETLsjBP-63fnRw8;https://steamcommunity.com/sharedfiles/filedetails/?id=2983705237;https://mega.nz/file/pacRkQJS#Jss7CR3tESbX1olHyO77mlIN7ENtFQGZSAZChZnOgZs;https://mega.nz/file/sL93zY6a#le8B4Y4kXYgOgKh7UTloNzwd3jTTZRUhMEkDKWmlGTk;https://steamcommunity.com/sharedfiles/filedetails/?id=2956809532;https://mega.nz/file/wXNxnCwI#Cj_T6iZ5tDrOL6T31H4N_GLSb7hgsW87sIK2f_ZTwso;https://mega.nz/file/dOFVwIgC#hqoIOhTU21XJPHElq2pO7x71idsb46kvvZ6ifpNf1dI;https://steamcommunity.com/sharedfiles/filedetails/?id=2837739732;https://mega.nz/file/AXc1nbgB#ZdnBe502n-idtGq2qRXOACT7Rq8t1qDY2SWRiCFVFJ8;https://mega.nz/file/cW0jWDLI#UazNnFHLrOHIHikc-StZP6bu9aGAdjdJz14pFi19Y-8;https://steamcommunity.com/sharedfiles/filedetails/?id=830847429;https://mega.nz/file/4L1zRLbA#w1fbEPqqh5zWk4DW1a7y0NnPrME3Jx85ZrR9RkSvRj8;https://mega.nz/file/BfEA3ZyB#e5yXbigrMj2KYvvk6H45fFpbMoNCeNw7biZW5JFEVJY;https://steamcommunity.com/sharedfiles/filedetails/?id=2222854073;https://mega.nz/file/gKVnlCzQ#OUK1Fz23f5PIxSEtyRgqh4w5EWFyGPom890DxQcUQ98;https://mega.nz/file/0at1GC4S#zjOFMqFHFuswWvUpTZmCh6wl_iu7-9tKCf56s3Pu6xc;https://steamcommunity.com/sharedfiles/filedetails/?id=2496986376;https://mega.nz/file/0D1GAIZK#uMTa4Ci7CfEu7KMd7-sy5VaYGU39pgdwqDdy0HxllXM;https://mega.nz/file/EbUlURiY#uKW2th62_DuVSnMniWtP19IWYCWsPtN9sooJm2ZEmq8;https://steamcommunity.com/sharedfiles/filedetails/?id=1629189151;;;;;;;;;
Volvo;Volvo;volvo;1;2;3;4;5;;;;;;https://mega.nz/file/5asggThR#VQejrTIpYFWcPN_OYHqYZ5744Onfdin7ZkvHoViAbQ0;https://mega.nz/file/Af8CiQZZ#yeAnMW13-UmP1MxkTMCdVlQCDexyMsc0o5yHIPtQH5o;https://steamcommunity.com/sharedfiles/filedetails/?id=1445285207;https://mega.nz/file/dHtABDpZ#nM6ZsYS8woKPV_sZs6Y3-ISD1soIV5Npj11Bm3S5AS8;https://mega.nz/file/pHMyjKCD#F4iN2vlh2mpdDelZOZi9mZnQohbSV0pgEPXSX2AIB1s;https://steamcommunity.com/sharedfiles/filedetails/?id=1529286721;https://mega.nz/file/JCFyFbrY#mKeqxtvRKvT7hedQrOdjtQY6HwtLOpftfruu27D0Hdw;https://mega.nz/file/lGcxGBzI#eEb0_XtdV7cClSYRCtdY-0cOwKH10UeVLkQlSwBTpDw;https://steamcommunity.com/sharedfiles/filedetails/?id=2359791420;https://mega.nz/file/hSlgyK7A#MxzE7DSrAEnZ6jjOM348MundO7ZJ5Npk9ESeeK6KYoc;https://mega.nz/file/oTdSibhb#BMcS5O9mivnHsm0v7iNvEAZaW1eTr6sQ1CsJ5mmqgng;https://steamcommunity.com/sharedfiles/filedetails/?id=2159892461;https://mega.nz/file/QedTgDZa#BDLaqVRXS23jgMoxXAIz5iT96cXm9v08bAp6paworMY;https://mega.nz/file/MaMniZaR#a52rMu1KL6G4I3YPlespQtdFd5NxctdEhWJRll_N8zw;https://steamcommunity.com/sharedfiles/filedetails/?id=1864273628;;;;;;;;;;;;;;;
Búhos;;buhos;1;2;3;4;5;6;7;8;9;10;https://mega.nz/file/VLUB0b5B#aU6kl0_WmVfkLPol7_2Z3URNRWcWXQbEyVA-GPp86kc;https://mega.nz/file/1a9EFTrB#5rZZagZfe26BpVnTcXV5qRxufpF9MJ3nsCuevbM-rsg;https://steamcommunity.com/sharedfiles/filedetails/?id=3002242102;https://mega.nz/file/tPkGEDDL#3adhMWQMieGu7WZGGAf_buISBQFFVmYGFbtwIg1kYho;https://mega.nz/file/YTtWjSJZ#U0zkd5mKaIq-T7NP_XBjzSsx3_QptHW7A3VfzXNG9Bc;https://steamcommunity.com/sharedfiles/filedetails/?id=2250522849;https://mega.nz/file/pHsz0aqY#eFuhFTeSbxgbqLdV5vOj_MHTfyl9M_gLg8ThpxgKDu0;https://mega.nz/file/tD0hCIDI#kH-7d72AKfmKjRs_ldxsgDxC1FBz2ymN7EE-UmmCbzI;https://steamcommunity.com/sharedfiles/filedetails/?id=1216652392;https://mega.nz/file/EX0EQT5Q#yMBr2mQmHuCyCz-AQSV-roJdJCpjOxXFwukup9Ho9QA;https://mega.nz/file/BH1wBRqR#df18WaPkcei5VyZlhviHfQOUFID4O-Jue99DUGzdchk;https://steamcommunity.com/sharedfiles/filedetails/?id=2810940643;https://mega.nz/file/1bcjWbDT#WVRBYH8IwTodg-WcBEK3mZaWBzkX44kmHv1yQ58pf2E;https://mega.nz/file/QD9V0TrR#RQrkYYP1qcn8iu6sR-VicUxZTUbdfSxSqM1odOJHHpY;https://steamcommunity.com/sharedfiles/filedetails/?id=2771046521;https://mega.nz/file/teczhJII#-TtFvLQAgVj6cj_R3hejk7gz455_tXyDaKww36-0ghw;https://mega.nz/file/da0HST4R#X9owu6uYtR2U9jjd7Cl-T0ext3rHdwmhgBt76NlepM8;https://steamcommunity.com/sharedfiles/filedetails/?id=1880725458;https://mega.nz/file/0fMmRaBL#6ax3XZCQ6lrGgujwsE0-yb9BTSWWdUaUeWu54JFYcuY;https://mega.nz/file/wDcU1TzB#BGMRYfDA_79h6njulQ5b7u4DvOmKcJr7CprgVqBcY4g;https://steamcommunity.com/sharedfiles/filedetails/?id=1848270557;https://mega.nz/file/NK8n3DBC#7wDcjxS-Sq1eWMnARSlcCkWOYiERFIFSowLdNU1D8sA;https://mega.nz/file/UaV0Aa4b#JT4Ktr_2P1EWethNHfK3VdPgaKJTidi3bXLVc1siSsg;https://steamcommunity.com/sharedfiles/filedetails/?id=1184614551;https://mega.nz/file/ga9zVZ4B#FYllImc2MBKgF7ox9qBNktsvpYFqY8D4vM-TpAvD5gQ;https://mega.nz/file/AW8WlDgD#KvLyax81Ad8C2H-E_9mM6-d_YI2y02KjjCJjrM_rCGc;https://steamcommunity.com/sharedfiles/filedetails/?id=1545131969;https://mega.nz/file/4bcjgYwA#GYsZOl2cpoe8zLxDXTa1BZcyJGn7WW-YFhpsr7sSKjs;https://mega.nz/file/hW8hQRbL#EA6inY3IhyzZSm7EVzEIgzVqZgTIVpHrlUtp4VZXx8E;https://steamcommunity.com/sharedfiles/filedetails/?id=2829482660
Caballos;Horse;caballos;1;2;3;4;5;6;7;8;9;10;https://mega.nz/file/oPMwlICJ#frGkep5BKZy9GBx-oK8y6D3biddBP7SDo04E6FiBmqY;https://mega.nz/file/sfkg0CpA#BXZax49j6IUPkwm2XMrV2xyzqDi_BkVU1TQOKqNml3k;https://steamcommunity.com/sharedfiles/filedetails/?id=2439675847;https://mega.nz/file/sPMUxQyY#tCKsT74ZO3hdbTo2VWknEX94XoJhe5750IJCZRWnBjk;https://mega.nz/file/0HUnmIRQ#ronWA0mVSs5g4Z1emEckTF8Aiwh3-WaLS8btq0vkR5s;https://steamcommunity.com/sharedfiles/filedetails/?id=2358605943;https://mega.nz/file/ULEj1JwY#D619-hAXDBKmNDmRZiZpNcR_jJlqSsddnXMYkK8-Hmc;https://mega.nz/file/ZbEg0LJa#D9_4GrbANHZ1RsIYApKSylZATZOHJJQd1a2gj4Lp0Qk;https://steamcommunity.com/sharedfiles/filedetails/?id=2157738663;https://mega.nz/file/Ib8RiZLa#YXNxTdNbgpU1a-kADDZ5_ctcooe_YSA9gTBYi_0rkHI;https://mega.nz/file/ESMFhDLJ#XPfv4BvtkodYDKlESjFstyG_IsNFDqziEbVUph7ByKw;https://steamcommunity.com/sharedfiles/filedetails/?id=1923919652;https://mega.nz/file/4ClCQaJR#zfoYpO-Ivfjn7q3ZtapWiavH4j_Uk7U25k6e3mJaXbU;https://mega.nz/file/EWNTxSgS#GaxCBbf59BeOAjje9RV1Km46kB6cV4GmEZbqjWDCm6U;https://steamcommunity.com/sharedfiles/filedetails/?id=2029669625;https://mega.nz/file/AeUBRSyJ#lwCCyXkc5DAbwpq2PVHB3ndsfXv6SkWUzaY8om13ZWY;https://mega.nz/file/NaNlRDKT#B59puscpAkQ6MWiEYl3wpr_JyzxIN97ipHASNJINX8Q;https://steamcommunity.com/sharedfiles/filedetails/?id=2315781631;https://mega.nz/file/Bb8VHK7A#HiLqpC9Pi6Gpc5rpEPx1GZrRDelLVe7tUBD_4apia9A;https://mega.nz/file/4ScHUaIK#RNwmO4p2C-P3XwsT_FQk3VSdmNdk2UlYiG_Op2xFPUk;https://steamcommunity.com/sharedfiles/filedetails/?id=871165649;https://mega.nz/file/xHlTAarC#nW3IFZnTOY_9VWoL3hT5z6DWuR4oEcjoWPHQluSpPb0;https://mega.nz/file/MHdFxDZJ#FiTp69ljw3P1rHp4hOmAElkLlHui_FwuYcHtck99etw;https://steamcommunity.com/sharedfiles/filedetails/?id=1438681527;https://mega.nz/file/sGknXKhY#9CwqD3JG_4XHQEk_o5SnR1Mbj3Iogkqh7iZkASJrMkE;https://mega.nz/file/8aEgxQTI#TQfScS1FuZzCZyMI4Fv_QfHuiABw1oZtmm216tgb-YY;https://steamcommunity.com/sharedfiles/filedetails/?id=2956640350;https://mega.nz/file/9DsySYTC#Vh3vuTc7ExI2NWsofBjL3t7X5y8ZeR1tOwyRs9DV0d0;https://mega.nz/file/cLNGVCBA#NJxsmJyRY7fgIqwQ4msJqcKeBV0DDvrwOUCMdoXYyiI;https://steamcommunity.com/sharedfiles/filedetails/?id=1385566528
Delfines;Dolphin;delfines;1;2;3;4;5;6;7;;;;https://mega.nz/file/FG8S1KZY#QU87mtzCU0tD1bLurRobBH97B9zdFrYb1ZYFSGOJDYU;https://mega.nz/file/Af9ynRCB#ADIHGPX_hvuQ-QeYDa-SOx46zIENeGKN1OVICwn52as;https://steamcommunity.com/sharedfiles/filedetails/?id=1834769754;https://mega.nz/file/0PchTJoB#D1Z-RR9ycwn3EyrNd1sKC0-5kL1Id1JitUlNLsFz02g;https://mega.nz/file/MCNFWDIb#PAl2CVChr1qmpWeF82KJaI5hY3oKtcaklnd11rKx_e8;https://steamcommunity.com/sharedfiles/filedetails/?id=1396092846;https://mega.nz/file/8f0zTRzB#znsLnnmdrxXsDZTNAgMUfHC_TPprPFAOg-dc3UQVtBE;https://mega.nz/file/Ya9wwAJB#SPNR0I2fyLTEMrpuixavgqKYxw_st2XUED3Yki6X-7o;https://steamcommunity.com/sharedfiles/filedetails/?id=2217112190;https://mega.nz/file/IfM0lYSD#czgPfEGx_ZOgfhXfC99lD3fGER82Os9goEf50Mj8NPw;https://mega.nz/file/0XFxUITB#PjpxoxXqoAVyi2dz7Ths5Ey-wnkjbNAnYlyIieCxaGw;https://steamcommunity.com/sharedfiles/filedetails/?id=1159878672;https://mega.nz/file/sGcGmKqC#yRtaHdwCMJAnFPI6da1qGUOhji0sTBOFohnCDUeR3Pk;https://mega.nz/file/4GNi3SrR#LLrLJJsw9oeuy9I9HYa-9Sdpq3iHnp8ssigLtY8Qzkg;https://steamcommunity.com/sharedfiles/filedetails/?id=2937108143;https://mega.nz/file/dXdhFCJI#0-fVDTKvJsM4A5uISirPORtWMVe70gAfcjRmrX43Klk;https://mega.nz/file/xT80QLJQ#eDUmFLYChfrwA8QYzd1khTtT0jzuUPTl2adeZQM26Bc;https://steamcommunity.com/sharedfiles/filedetails/?id=2937421522;https://mega.nz/file/caMQUaTK#buuQYgRxpEwEforb0pRKapvdVOT66GezvQ9qXqKeqQM;https://mega.nz/file/kTkTCZ6D#rQ69EUZAAtPpdBb2Ac8RLuorRHx5WVwfegU5jwI9vos;https://steamcommunity.com/sharedfiles/filedetails/?id=1771501034;;;;;;;;;
Perros;Dog;perros;1;2;3;4;5;6;;;;;https://mega.nz/file/lfVw1BSJ#xbiH0Cyfc1bdLyFn_zbms33-niYmeI_1bXJx3o9EOys;https://mega.nz/file/VPdAzBJQ#ApiWKgMvGOSedfRkmGcWVpeoIraJN_eyIOka5Hkwe6U;https://steamcommunity.com/sharedfiles/filedetails/?id=1206038439;https://mega.nz/file/ND9XHazI#Ubu_7xanm-y5344o2UsJSFyHNuIfk34DiTamI7xs-5c;https://mega.nz/file/Ra8C0IwT#9zwW4a8dSsgKUvXXVipqydZjbyv-qCCbGK9IFcinvpQ;https://steamcommunity.com/sharedfiles/filedetails/?id=2282971837;https://mega.nz/file/hGNFgTZI#0K8oV5S00gO1UPpIHpBzNQSqvdVqXx7Bs7ysu6BcCBg;https://mega.nz/file/Vb1RgIha#tVTW4DsisHcbOiXQgbc_sc7-5J9Z1K5n_yNidJYRWVw;https://steamcommunity.com/sharedfiles/filedetails/?id=1350272812;https://mega.nz/file/FTEQSZTY#XP-E2DhdO_hqW2L-WpWtrZnodkdxKj_CaJyWx3xO3gs;https://mega.nz/file/cbVnTaRa#PojsjvzPPc4xlElHSKP9S066n21R8mKEeMwCCJSQBP8;https://steamcommunity.com/sharedfiles/filedetails/?id=2797293393;https://mega.nz/file/YWtAFaaS#5WTTVvaw2EZLEcURvJtZpfZS_aTW1myc9QH_MeGM9f4;https://mega.nz/file/tHNmQDiK#IMDSfkCsJ5BP_mVyhU-ruD04kbpoYoelczfu6_fVI1M;https://steamcommunity.com/sharedfiles/filedetails/?id=2226721636;https://mega.nz/file/weFCAQxA#OuVa_dsV7bvs16SRnFUR8tpLWwHc7h2XIR0LjYIW_G8;https://mega.nz/file/kfkV1ahL#5Gz0Tl9damOWIl7goAlRO8zl0IaFEDgfs-kc33aeNo8;https://steamcommunity.com/sharedfiles/filedetails/?id=2109651774;;;;;;;;;;;;
Serpientes;Snake;serpientes;1;2;3;4;5;6;7;;;;https://mega.nz/file/MKUCTbaK#0vJdURbeAvw1h7YTDWZfpAgM-EInZS54dbomEqrtAaw;https://mega.nz/file/sGMR3J7L#9PBqatkVcr-4qWIv2vNOOrbbsTjHy5U76hXXTavHPRU;https://steamcommunity.com/sharedfiles/filedetails/?id=1592536730;https://mega.nz/file/EWN0UYbQ#_fYWaw8pQ8fvK7U8-DKqPZl63YZb6a1aUyEEyfSVnIs;https://mega.nz/file/kCk0iBQT#TH0o4uPnEXObSK1OOOSkAVu2KUFVReWZwYuAHiKGMOA;https://steamcommunity.com/sharedfiles/filedetails/?id=2244255270;https://mega.nz/file/YSEXXTxT#dYB9J2fsjJmsVhABiCiz3SUu-ImwVaJOMpXrs2Bxw5Y;https://mega.nz/file/BXUj2AqJ#reoDNxucRV0XeCuaAGzFBEzWdY8PS9oRg3ScrnK1_WM;https://steamcommunity.com/sharedfiles/filedetails/?id=2637013268;https://mega.nz/file/wG8jFJbS#6lgoqy58YBPAFnu6ntssKjQL9LJYTac3iNqF1wUKjb0;https://mega.nz/file/FTURQCIS#bpp6OVwcXqnNDHhmQ5EWx1VuPI_3LH9wGpo02ifug9A;https://steamcommunity.com/sharedfiles/filedetails/?id=2961791492;https://mega.nz/file/0L8g3byZ#gnui-N0TA7fuTYIW1crowQUh0I2Z-lnH27MJ0kDCIVM;https://mega.nz/file/Rf8lFDIa#ybFAZYKmy7DkjLLwXkQ4A1B5wLYWJ43hHpj4P4MgWyQ;https://steamcommunity.com/sharedfiles/filedetails/?id=2961791492;https://mega.nz/file/kLND3RjK#XONtLF0B90FYOTQe6wx5TtVcFBO--l_SAT2kF5uURVA;https://mega.nz/file/VG8G2bhZ#tSBFv_g8LJz_oOz8IFz1p8xZQBifTtBfQcaRNr6q8-M;https://steamcommunity.com/sharedfiles/filedetails/?id=2160657213;https://mega.nz/file/gfMBXbja#NmBZRKcjZQaM0P6Tbxsti6LP7df4eafhXPTUTL0bKkk;https://mega.nz/file/pX1ViTwK#yMjDj9A0VA3550dBU5JcgEkdrt1oNivnMqBRg9zgaas;https://steamcommunity.com/sharedfiles/filedetails/?id=2805865090;;;;;;;;;
Zebras;Zebra;zebras;1;2;3;;;;;;;;https://mega.nz/file/MHNH3bia#yKK4JrMTf-7nlnwIVErgyLEKcheFOt8i9B-_gGzaUoo;https://mega.nz/file/8btSFC7R#l-VzElx-wp7pocu_hSAn69I1-S4S5WLCBjFMgfGHMaY;;https://mega.nz/file/YLshVAZa#gyVBIQtA3FxV71BlGeDCKolmINLBHp9E-mqkbE4j3HQ;https://mega.nz/file/ZHEhwAxb#KtoTfd5YzF7TLWU_z8RvEh4TKxAWNrXpRMNVrQToazA;https://steamcommunity.com/sharedfiles/filedetails/?id=2287830766;https://mega.nz/file/gXdh1SrZ#D9WxgfM5rMhEvCH-4EagVoqOlFPvRB_8dt6HwvYFTos;https://mega.nz/file/AKF2GQIJ#tOVTAI90r6GuNvC1ZHvomy4lVZKeNFIf_c1-q38rifI;https://steamcommunity.com/sharedfiles/filedetails/?id=1889377082;;;;;;;;;;;;;;;;;;;;;
Monos;Monkey;monos;1;;;;;;;;;;https://mega.nz/file/9PtxlLYQ#LiJ3PAiWpcWVZbsTHQEJxuDrFxRA_KV1S0Sab72j49Y;https://mega.nz/file/9T11lYAI#5a5sTt1LphaS9rv-SrBaXB8DkbCTyZndqrG3ndNG_c4;https://steamcommunity.com/sharedfiles/filedetails/?id=2914946395;;;;;;;;;;;;;;;;;;;;;;;;;;;
